"タイトル","コメント","URLアドレス","座標","詳細情報","親リスト","一覧抽出方法","前文"
"豊平橋","豊平橋（北海道札幌市豊平区）","https://ja.wikipedia.org/wiki/豊平橋","北緯43度3分20.6秒東経141度21分52.1秒","国: 日本;所在地: 札幌市（中央区- 豊平区）;交差物件: 豊平川;設計者施工者: 日本橋梁;建設: 1965年- 1966年;座標: 北緯43度3分20.6秒東経141度21分52.1秒﻿ / ﻿北緯43.055722度 東経141.364472度﻿ / 43.055722; 141.364472座標: 北緯43度3分20.6秒東経141度21分52.1秒﻿ / ﻿北緯43.055722度 東経141.364472度﻿ / 43.055722; 141.364472;形式: 3径間連続鋼箱桁橋;材料: 鋼;全長: 132m;幅: 28.5m;最大支間長: 49.6m","日本百名橋","箇条書き,制限あり","日本百名橋に選定されている。"
"旭橋 (旭川市)","旭橋（北海道旭川市）","https://ja.wikipedia.org/wiki/旭橋_(旭川市)","北緯43度46分42秒東経142度21分36秒","国: 日本;所在地: 北海道旭川市;交差物件: 石狩川;設計者施工者: 吉町太郎一、桶浦大三、塩塚重蔵;建設: 1929年- 1932年;座標: 北緯43度46分42秒東経142度21分36秒﻿ / ﻿北緯43.77833度 東経142.36000度﻿ / 43.77833; 142.36000座標: 北緯43度46分42秒東経142度21分36秒﻿ / ﻿北緯43.77833度 東経142.36000度﻿ / 43.77833; 142.36000;形式: ブレースト・リブ・バランスド・カンチレバー・タイドアーチ橋;全長: 224.9m;幅: 18.3m;最大支間長: 90.9m","日本百名橋","箇条書き,制限あり","国道40号（昭和通）の橋であり、かつては大日本帝国陸軍第7師団司令部に通じる道路として重要な役割を担ってきた。現在は上下流にも橋梁があり、交通が分散されている。"
"幣舞橋","幣舞橋（北海道釧路市）","https://ja.wikipedia.org/wiki/幣舞橋","北緯42度58分51.72秒東経144度23分8.03秒","国: 日本;所在地: 北海道釧路市;交差物件: 釧路川;設計者施工者: 日立、横河;座標: 北緯42度58分51.72秒東経144度23分8.03秒﻿ / ﻿北緯42.9810333度 東経144.3855639度﻿ / 42.9810333; 144.3855639;形式: 3径間連続鋼床版箱桁橋;全長: 124.0m;幅: 33.8m;最大支間長: 54.0m","日本百名橋","箇条書き,制限あり","釧路駅前のメインストリート（北大通）の橋であり、釧路川の最も下流に架かる橋でもある。幣舞ロータリーは国道38号終点と国道44号の起点になっている。24時間平均交通量は約35,700台（平成22年度）。"
"湊橋","湊橋（青森県八戸市）","https://ja.wikipedia.org/wiki/湊橋","北緯40度31分24秒東経141度31分21秒","","日本百名橋","箇条書き,制限あり","湊橋（みなとばし）は、青森県八戸市湊町と小中野との境の新井田川に架かる、青森県道1号八戸階上線の橋である。長さ116m、幅44.3m。"
"上ノ橋 (岩手県)","上の橋（岩手県盛岡市）","https://ja.wikipedia.org/wiki/上ノ橋_(岩手県)","","","日本百名橋","箇条書き,制限あり",""
"蛇の崎橋","蛇の崎橋（秋田県横手市）","https://ja.wikipedia.org/wiki/蛇の崎橋","北緯39度19分3.4秒東経140度33分54.8秒","国: 日本;所在地: 秋田県横手市;交差物件: 横手川;建設: 2001年;座標: 北緯39度19分3.4秒東経140度33分54.8秒﻿ / ﻿北緯39.317611度 東経140.565222度﻿ / 39.317611; 140.565222","日本百名橋","箇条書き,制限あり","横手川三橋（上の橋、中の橋、下の橋）として、内町という名の武士の町と外町という名の町人の町を結ぶ役割をなしていた。名前の由来は「蛇の崎淵」からで、そこには伝承がある。"
"臥龍橋","臥龍橋（山形県寒河江市）","https://ja.wikipedia.org/wiki/臥龍橋","北緯38度24分26.7秒東経140度14分22.6秒","国: 日本;所在地: 山形県寒河江市白岩陣ヶ峰;交差物件: 寒河江川;建設: 1937年;座標: 北緯38度24分26.7秒東経140度14分22.6秒﻿ / ﻿北緯38.407417度 東経140.239611度﻿ / 38.407417; 140.239611;形式: アーチ;材料: 鉄筋コンクリート;全長: 52m;幅: 5.5m","日本百名橋","箇条書き,制限あり","右岸には移設された白岩龍脊橋の碑と臥龍橋之碑があり、左岸には白岩隧道がある。"
"大橋 (広瀬川)","大橋（宮城県仙台市青葉区）","https://ja.wikipedia.org/wiki/大橋_(広瀬川)","","","日本百名橋","箇条書き,制限あり","大橋（おおはし）は、名取川水系の広瀬川にかかる橋で、宮城県仙台市青葉区にある。かつては仙台城大手門と城下町を結ぶ重要な位置を占め、現在は市街地中心部から青葉山を経由して八木山方面に通じるための橋として利用されている。現在の橋は長さ約116メートル、幅約11メートル。"
"信夫橋","信夫橋（福島県福島市）","https://ja.wikipedia.org/wiki/信夫橋","北緯37度44分39.5秒東経140度27分48.0秒","","日本百名橋","箇条書き,制限あり",""
"十綱橋","十綱橋（福島県福島市）","https://ja.wikipedia.org/wiki/十綱橋","北緯37度49分50.4秒東経140度27分18.4秒","","日本百名橋","箇条書き,制限あり","十綱橋（とつなばし）は福島県福島市にある摺上川に架かる橋である。"
"水府橋","水府橋（茨城県水戸市）","https://ja.wikipedia.org/wiki/水府橋","北緯36度22分34.9秒東経140度28分50秒","国: 日本;所在地: 茨城県水戸市;建設: 2013年;座標: 北緯36度22分34.9秒東経140度28分50秒﻿ / ﻿北緯36.376361度 東経140.48056度﻿ / 36.376361; 140.48056;形式: 6径間連続非合成鋼箱桁橋;全長: 354.5m;幅: 14.5m","日本百名橋","箇条書き,制限あり","水府橋は、茨城県土木部水戸土木事務所管理の橋梁である。現在開通している水府橋は2代目。"
"神橋","日光・神橋（栃木県日光市）","https://ja.wikipedia.org/wiki/神橋","北緯36度45分12.1秒東経139度36分14.4秒","国: 日本;所在地: 栃木県日光市上鉢石町1112;交差物件: 大谷川;用途: 人道橋;路線名: 日光街道;管理者: 日光二荒山神社;竣工: 伝・天平神護2年（766年）現橋：1904年（明治37年）;開通: 1907年（明治40年）8月6日;座標: 北緯36度45分12.1秒東経139度36分14.4秒﻿ / ﻿北緯36.753361度 東経139.604000度﻿ / 36.753361; 139.604000座標: 北緯36度45分12.1秒東経139度36分14.4秒﻿ / ﻿北緯36.753361度 東経139.604000度﻿ / 36.753361; 139.604000;形式: 木造反橋;材料: 木（ケヤキ）、石;全長: 28 m;幅: 7.4 m;高さ: 10.6 m","日本百名橋","箇条書き,制限あり","日光の社寺の入り口にあり、日光のシンボルとも、日光の表玄関とも称され、栃木県で最も美しい橋と讃える人もいる。神橋を境として、東側の商店街を東町（出町）、西側の日光山内を西町（入町）という。"
"大渡橋 (利根川)","大渡橋（群馬県前橋市）","https://ja.wikipedia.org/wiki/大渡橋_(利根川)","北緯36度24分23.6秒東経139度3分3.8秒","国: 日本;所在地: 群馬県前橋市;建設: 1988年;座標: 北緯36度24分23.6秒東経139度3分3.8秒﻿ / ﻿北緯36.406556度 東経139.051056度﻿ / 36.406556; 139.051056;形式: 桁橋;材料: 鋼;全長: 526 m;幅: 21.5-23.5m","日本百名橋","箇条書き,制限あり","江戸時代、江戸防衛のため利根川に橋は架けられず、川を渡るには番所のある所で渡らなければならなく、現在の大渡橋の下流の岩神に「大渡りの渡し」があった。1858年（安政5年）に架橋の悲願が実り、長さ122 m刎橋構造を持つ太鼓橋で有料の萬代橋が架けられたが、1863年（文久2年）に流失してしまう。"
"碓氷第三橋梁","碓氷第三橋梁（群馬県安中市）","https://ja.wikipedia.org/wiki/碓氷第三橋梁","北緯36度21分29秒東経138度41分54秒","","日本百名橋","箇条書き,制限あり",""
"水郷大橋","水郷大橋（千葉県佐原市）","https://ja.wikipedia.org/wiki/水郷大橋","北緯35度54分29秒東経140度29分27秒","","日本百名橋","箇条書き,制限あり","水郷大橋（すいごうおおはし）は、国道51号の利根川に架かる橋長535.25メートルの斜張橋である。千葉県香取市と茨城県稲敷市を結ぶ。"
"秩父橋","秩父橋（埼玉県秩父市）","https://ja.wikipedia.org/wiki/秩父橋","北緯36度1分5.2秒東経139度5分9.5秒","国: 日本;所在地: 埼玉県秩父市;交差物件: 荒川;設計者施工者: 五十畑弘;建設: 1980-1985;座標: 北緯36度1分5.2秒東経139度5分9.5秒﻿ / ﻿北緯36.018111度 東経139.085972度﻿ / 36.018111; 139.085972;形式: 斜張橋;材料: 鋼;全長: 153.153 m;幅: 10.0 m;高さ: 40 m;最大支間長: 152.0 m","日本百名橋","箇条書き,制限あり","秩父地方で最古の歴史を持ち、古くから秩父新道として小鹿野や児玉方面への主要な交通路としての役割を果たしてきた橋である。1985年架設の本橋は河口から120.6キロメートルの位置に架かる埼玉県では初の斜張橋である。橋の両側は河岸段丘になっていて右岸側と左岸側の段丘面を直接結んでいる。橋軸は線形を重視するため旧橋とは異なり、河道に対し約45度の斜橋となっている。国道の橋であるが管理者は埼玉県である。国道299号は国道と称しているが直轄国道ではなく補助国道であり、全区間県管理である。また、埼玉県の第一次特定緊急輸送道路に指定されている。西武観光バスの小鹿野線（系統番号G）や秩父吉田線（系統番号D）の走行経路に指定されている。右岸側は「龍石寺」停留所が最寄り。"
"四谷見附橋","四谷見附橋（新 - 東京都新宿区、旧（現・長池見附橋） - 東京都八王子市）","https://ja.wikipedia.org/wiki/四谷見附橋","北緯35度41分8.3秒東経139度43分49.8秒","国: 日本;所在地: 東京都新宿区- 千代田区;交差物件: JR中央本線;用途: 道路橋、跨線橋;路線名: 新宿通り（国道20号）;着工: 1911年（初代）、1987年（二代目）;竣工: 1913年（初代）、1991年（二代目）;座標: 北緯35度41分8.3秒東経139度43分49.8秒﻿ / ﻿北緯35.685639度 東経139.730500度﻿ / 35.685639; 139.730500座標: 北緯35度41分8.3秒東経139度43分49.8秒﻿ / ﻿北緯35.685639度 東経139.730500度﻿ / 35.685639; 139.730500;形式: アーチ橋（初代）アーチ状方杖ラーメン橋（二代目）;全長: 44.4 m;幅: 39.0 m;最大支間長: 41.0 m","日本百名橋","箇条書き,制限あり","1639年（寛永16年）、現在の四ツ谷駅東側の江戸城外濠内側に江戸城三十六見附の一つの四谷御門が作られ、見附番所が置かれた北側に尾張徳川家、南東側には紀州徳川家の屋敷があり、江戸城防衛の要のひとつであったが、明治に入ると門は撤去された。"
"氷川大橋","氷川大橋（東京都西多摩郡奥多摩町）","https://ja.wikipedia.org/wiki/氷川大橋","北緯35度48分27.9秒東経139度5分46.6秒","国: 日本;所在地: 東京都西多摩郡奥多摩町;交差物件: 日原川;建設: 1933年;座標: 北緯35度48分27.9秒東経139度5分46.6秒﻿ / ﻿北緯35.807750度 東経139.096278度﻿ / 35.807750; 139.096278;形式: アーチ;材料: コンクリート;全長: 83.5m;幅: 12.4m;高さ: 30m","日本百名橋","箇条書き,制限あり","北側には奥多摩町役場、東側には奥氷川神社、南側には吊り橋である氷川小橋、日原川と多摩川の合流点がある。"
"千住大橋","千住大橋（東京都荒川区）","https://ja.wikipedia.org/wiki/千住大橋","北緯35度44分22秒東経139度47分51秒","","日本百名橋","箇条書き,制限あり",""
"両国橋","両国橋（東京都墨田区）","https://ja.wikipedia.org/wiki/両国橋","北緯35度41分40秒東経139度47分20秒","国: 日本;所在地: 東京都中央区- 墨田区間;交差物件: 隅田川;建設: 1930- 1932年;座標: 北緯35度41分40秒東経139度47分20秒﻿ / ﻿北緯35.69444度 東経139.78889度﻿ / 35.69444; 139.78889;形式: 3径間ゲルバー式鋼鈑桁橋;材料: 鋼;全長: 164.5m;幅: 24.0m","日本百名橋","箇条書き,制限あり","西岸の東京都中央区東日本橋二丁目と東岸の墨田区両国一丁目を結ぶ。橋のすぐ近くには神田川と隅田川の合流点がある。"
"常盤橋 (日本橋川)","常盤橋（東京都中央区）","https://ja.wikipedia.org/wiki/常盤橋_(日本橋川)","北緯35度41分7秒東経139度46分15秒","国: 日本;所在地: 東京都千代田区- 中央区間;交差物件: 日本橋川;建設: 1926年;座標: 北緯35度41分7秒東経139度46分15秒﻿ / ﻿北緯35.68528度 東経139.77083度﻿ / 35.68528; 139.77083;形式: 2連鉄筋コンクリートアーチ橋","日本百名橋","箇条書き,制限あり","太田道灌と親交が厚かった正宗龍統が記した『江戸城静勝軒詩序并江亭記等写』に登場する河口に架かる高橋を当時の平川（現在の神田川・日本橋川）の河口付近にあったと推定されている常盤橋に当てる説（菊池山哉説ほか）があるが、賛否両論がある。その一方、1568年（永禄11年）に北条氏政が下総国の高城胤辰を江戸城防衛のために駐屯させた「江城大橋宿」は大橋（常盤橋）そばにあった宿場町であったとする説もある。徳川家康による江戸の再整備後に日本橋が誕生して江戸の交通が南北を軸にする以前は、江戸城及び大橋（常盤橋）を中心とした東西の軸によって陸路が形成されていたと考えられている（江戸城の西の道は鎌倉や府中に、大橋を通る東の道は浅草を経由して奥州や房総に連絡していたと考えられている）。"
"日本橋 (東京都中央区の橋)","日本橋（東京都中央区）","https://ja.wikipedia.org/wiki/日本橋_(東京都中央区の橋)","北緯35度41分1.4秒東経139度46分27.7秒","国: 日本;所在地: 東京都中央区;交差物件: 日本橋川;用途: 道路橋;路線名: 国道1号;管理者: 国土交通省関東地方整備局東京国道事務所;設計者: 米元晋一・樺島正義;竣工: 1911年（明治44年）;開通: 1911年（明治44年）4月3日;座標: 北緯35度41分1.4秒東経139度46分27.7秒﻿ / ﻿北緯35.683722度 東経139.774361度﻿ / 35.683722; 139.774361﻿ (日本橋);形式: アーチ橋;材料: 石;全長: 49 m;幅: 27.3 m","日本百名橋","箇条書き,制限あり","日本橋は、東京都中央区の日本橋川に架かり、日本橋と日本橋室町を繋ぐ国道の橋である。現在の橋梁は1911年に完成し、国の重要文化財である。また、日本の道路元標があり、日本の道路網の始点となっている。日本橋の名の由来について、江戸時代の『府内備考』で「此橋江戸の中央にして諸国よりの行程もここより定められるゝ故、日本橋の名あり」との記載が見られる。「江戸日本橋」とも呼ばれる。"
"永代橋","永代橋（東京都中央区）","https://ja.wikipedia.org/wiki/永代橋","北緯35度40分35秒東経139度47分15秒","国: 日本;所在地: 東京都中央区- 江東区間;交差物件: 隅田川;建設: 1923- 1926年;座標: 北緯35度40分35秒東経139度47分15秒﻿ / ﻿北緯35.67639度 東経139.78750度﻿ / 35.67639; 139.78750座標: 北緯35度40分35秒東経139度47分15秒﻿ / ﻿北緯35.67639度 東経139.78750度﻿ / 35.67639; 139.78750;形式: スチールアーチ橋（中央径間）、鋼桁橋（両側）;全長: 184.7 m;幅: 25.0 m","日本百名橋","箇条書き,制限あり","創架は元禄11年（1698年）3月25日で、徳川家康の江戸入府から江戸時代にかけて隅田川に架橋された5つの橋のうち、4番目となる。架橋は江戸幕府5代将軍徳川綱吉の誕生から50歳を祝う記念事業として、関東郡代の伊奈忠順の指導で行われた。"
"二重橋","二重橋（東京都千代田区）","https://ja.wikipedia.org/wiki/二重橋","北緯35度40分48秒東経139度45分12秒","国: 日本;所在地: 千代田区;交差物件: 二重橋濠;用途: 道路橋;竣工: 1964年6月;座標: 北緯35度40分48秒東経139度45分12秒﻿ / ﻿北緯35.68000度 東経139.75333度﻿ / 35.68000; 139.75333座標: 北緯35度40分48秒東経139度45分12秒﻿ / ﻿北緯35.68000度 東経139.75333度﻿ / 35.68000; 139.75333","日本百名橋","箇条書き,制限あり","正門には皇宮警察の皇宮護衛官の儀仗隊がおり、通常一般人は二重橋を渡ることはできない。ただし、事前に手続きをして皇居の参観をする場合は、鉄橋を渡ることができる。また、新年や天皇誕生日の皇居一般参賀時には正門が開放され渡ることができる。"
"八幡橋","八幡橋（弾正橋）（東京都江東区）","https://ja.wikipedia.org/wiki/八幡橋","北緯35度40分18.7秒東経139度48分2.3秒","国: 日本;所在地: 江東区;交差物件: 八幡堀遊歩道;用途: 道路橋;設計者: 松本荘一郎;竣工: 1929年5月;座標: 北緯35度40分18.7秒東経139度48分2.3秒﻿ / ﻿北緯35.671861度 東経139.800639度﻿ / 35.671861; 139.800639座標: 北緯35度40分18.7秒東経139度48分2.3秒﻿ / ﻿北緯35.671861度 東経139.800639度﻿ / 35.671861; 139.800639;形式: ボウストリングトラス橋;全長: 15.76 m;幅: 2.0 m","日本百名橋","箇条書き,制限あり","鉄を主材料として造った鉄橋としては日本最古のものと言われ、国の重要文化財に指定されている。名称は橋の西側に在する富岡八幡宮に因む。（注: この橋の鉄は「鋼」ではない。現在造られている「鉄橋」はほぼ全て、鉄の中でも「鋼」で造られた「鋼橋」である。）"
"横浜ベイブリッジ","横浜ベイブリッジ（神奈川県横浜市中区）","https://ja.wikipedia.org/wiki/横浜ベイブリッジ","北緯35度27分18.3秒東経139度40分27.3秒","国: 日本;所在地: 神奈川県横浜市中区本牧ふ頭‐ 鶴見区大黒ふ頭間;交差物件: 東京湾（横浜港）;建設: 1980- 1989年;座標: 北緯35度27分18.3秒東経139度40分27.3秒﻿ / ﻿北緯35.455083度 東経139.674250度﻿ / 35.455083; 139.674250座標: 北緯35度27分18.3秒東経139度40分27.3秒﻿ / ﻿北緯35.455083度 東経139.674250度﻿ / 35.455083; 139.674250;形式: 斜張橋;全長: 860m;幅: 40.2m;高さ: 塔高172m、橋げた55m（いずれも海面より）;最大支間長: 460m","日本百名橋","箇条書き,制限あり","本牧埠頭A突堤（中区）と大黒埠頭（鶴見区）とを結んでおり、上層部は首都高速湾岸線で、下層部は国道357号となっている。下層部も含めて125cc以下の原動機付き自転車は通行できない。また、歩道が無いため徒歩で渡ることもできない。上層部の制限速度は、開通当初は70km/hだったが、その後80km/hになっている。"
"六郷橋","六郷橋（神奈川県川崎市川崎区）","https://ja.wikipedia.org/wiki/六郷橋","北緯35度32分11秒東経139度42分30秒","国: 日本;所在地: 東京都大田区・神奈川県川崎市;交差物件: 多摩川;建設: 1979- 1997年;座標: 北緯35度32分11秒東経139度42分30秒﻿ / ﻿北緯35.53639度 東経139.70833度﻿ / 35.53639; 139.70833;形式: 3径間・4径間連続2主箱桁;材料: 鋼;全長: 443.7m;幅: 34.4m","日本百名橋","箇条書き,制限あり","大師橋と多摩川大橋の間に位置し、河口から数えて2番目にある。南東に流れる多摩川が蛇行し、六郷橋の河口側から流路が東北東になるため、六郷橋は多摩川に架かる橋の中で最南に位置する。多摩川を渡る主要道路の一つであり、川崎側では国道409号（大師道）と交差する。上流側に、京急本線六郷川橋梁と東海道本線六郷川橋梁が平行して架かっている。"
"馬入橋","馬入橋（神奈川県平塚市）","https://ja.wikipedia.org/wiki/馬入橋","北緯35度19分54秒東経139度22分01秒","国: 日本;所在地: 神奈川県平塚市;交差物件: 相模川;建設: 1980年;座標: 北緯35度19分54秒東経139度22分01秒﻿ / ﻿北緯35.33175度 東経139.36694度﻿ / 35.33175; 139.36694座標: 北緯35度19分54秒東経139度22分01秒﻿ / ﻿北緯35.33175度 東経139.36694度﻿ / 35.33175; 139.36694;形式: 総径間数:8上部工形式鋼単純鈑桁橋,2径間連続鋼箱桁橋,3径間連続鋼箱桁橋,2径間連続鋼箱桁橋下部工形式ニューマチックケーソン4基場所打ち杭基礎5基;全長: 563m;幅: 13.3m","日本百名橋","箇条書き,制限あり","国道1号が相模川を渡るところにあり、北側には馬入ふれあい公園、南側には東海道本線の馬入川橋梁がある。日本百名橋、かながわの橋100選に選定されている。"
"萬代橋","万代橋（新潟県新潟市中央区）","https://ja.wikipedia.org/wiki/萬代橋","北緯37度55分10.61秒東経139度3分10.97秒","国: 日本;所在地: 新潟県新潟市中央区;交差物件: 信濃川;設計者施工者: 福田武雄（橋梁本体）山田守（装飾）;建設: 第1代 ： 1886年（明治19年）竣工第2代 ： 1909年（明治42年）竣工第3代 ： 1929年（昭和4年）竣工;座標: 北緯37度55分10.61秒東経139度3分10.97秒﻿ / ﻿北緯37.9196139度 東経139.0530472度﻿ / 37.9196139; 139.0530472座標: 北緯37度55分10.61秒東経139度3分10.97秒﻿ / ﻿北緯37.9196139度 東経139.0530472度﻿ / 37.9196139; 139.0530472;形式: RC造6連充腹式上路アーチ橋;全長: 306.9m;幅: 21.9m;最大支間長: 42.4m;国: 日本;所在地: 新潟県新潟市中央区;交差物件: 信濃川;設計者施工者: 福田武雄（橋梁本体）山田守（装飾）;建設: 第1代 ： 1886年（明治19年）竣工第2代 ： 1909年（明治42年）竣工第3代 ： 1929年（昭和4年）竣工;座標: 北緯37度55分10.61秒東経139度3分10.97秒﻿ / ﻿北緯37.9196139度 東経139.0530472度﻿ / 37.9196139; 139.0530472座標: 北緯37度55分10.61秒東経139度3分10.97秒﻿ / ﻿北緯37.9196139度 東経139.0530472度﻿ / 37.9196139; 139.0530472;形式: RC造6連充腹式上路アーチ橋;全長: 306.9m;幅: 21.9m;最大支間長: 42.4m","日本百名橋","箇条書き,制限あり","東大通、萬代橋通りと柾谷小路とを結び、新潟駅万代口から万代シテイを経て古町に至る中央区中心部のメインストリートの一部を成す。"
"直江津橋","直江津橋（新潟県上越市）","https://ja.wikipedia.org/wiki/直江津橋","北緯37度10分27.3秒東経138度14分55.3秒","国: 日本;所在地: 新潟県上越市川原町 - 中央1丁目;交差物件: 関川;用途: 道路橋;路線名: 新潟県道488号三ツ屋中央線;管理者: 新潟県上越地域振興局地域整備部;施工者: 新日本製鐵・高田機工・東日本鉄工;竣工: 1988年（昭和63年）11月;座標: 北緯37度10分27.3秒東経138度14分55.3秒﻿ / ﻿北緯37.174250度 東経138.248694度﻿ / 37.174250; 138.248694﻿ (直江津橋);形式: 6径間単純箱桁橋;材料: 鋼;全長: 237.900 m;幅: 13.000 m;最大支間長: 38.850 m","日本百名橋","箇条書き,制限あり","直江津橋は、下流の荒川橋と共に、関川の東西に広がる直江津市街地を結ぶ橋である。"
"愛本橋","愛本橋（富山県黒部市）","https://ja.wikipedia.org/wiki/愛本橋","北緯36度51分37秒東経137度33分14秒","国: 日本;所在地: 富山県黒部市;交差物件: 黒部川;用途: 道路橋;路線名: 富山県道13号朝日宇奈月線;管理者: 富山県;施工者: 川田工業;竣工: 1972年（昭和47年）7月;座標: 北緯36度51分37秒東経137度33分14秒﻿ / ﻿北緯36.86028度 東経137.55389度﻿ / 36.86028; 137.55389﻿ (愛本橋);形式: ニールセンローゼ橋;材料: 鋼;全長: 130.000 m;幅: 9.300 m;最大支間長: 128.400 m","日本百名橋","箇条書き,制限あり","かつては全長61.42メートル (m) 、幅3.62 mにも及ぶ刎橋であったため、山口県岩国市の錦川に架かる錦帯橋、山梨県大月市の桂川に架かる猿橋とともに日本三奇橋の1つといわれていた。"
"舟橋 (富山市)","越中・舟橋（富山県富山市）","https://ja.wikipedia.org/wiki/舟橋_(富山市)","北緯36度41分39.5秒東経137度12分27.5秒","国: 日本;所在地: 富山県富山市;交差物件: 松川;建設: 1989年;座標: 北緯36度41分39.5秒東経137度12分27.5秒﻿ / ﻿北緯36.694306度 東経137.207639度﻿ / 36.694306; 137.207639;全長: 18 m","日本百名橋","箇条書き,制限あり","1605年（慶長10年）6月28日に隠居し、富山城を居城とした加賀前田家2代前田利長は、富山城の改修と同時に富山の町割りを定め、新城下町を整備したが、舟橋はこの頃にそれまでの舟渡しを改めて架橋されたものと考えられている。1606年（慶長11年）に舟橋小嶋町に住む船頭の居屋敷に係る地子を免ずる旨の史料が残っていることから、この頃には既に舟渡しは舟橋に改まっていたものといわれる。この舟橋架橋以前には、舟渡しが両岸連絡の任務を果しており、その渡し舟に関する掟は、1580年（天正8年）11月に佐々成政が定めたものが最も早いものとされる。"
"犀川大橋","犀川大橋（石川県金沢市）","https://ja.wikipedia.org/wiki/犀川大橋","北緯36度33分30.48秒東経136度39分1.66秒","国: 日本;所在地: 石川県金沢市;交差物件: 犀川（二級河川）;設計者施工者: 関場茂樹;座標: 北緯36度33分30.48秒東経136度39分1.66秒﻿ / ﻿北緯36.5584667度 東経136.6504611度﻿ / 36.5584667; 136.6504611座標: 北緯36度33分30.48秒東経136度39分1.66秒﻿ / ﻿北緯36.5584667度 東経136.6504611度﻿ / 36.5584667; 136.6504611;形式: 単径間鋼曲弦ワーレントラス橋;材料: 鋼;全長: 62.3 m;幅: 18.7 m","日本百名橋","箇条書き,制限あり","車道は4車線（片側2車線）あり、橋の両側には歩道が設けられている。国道157号（国道305号重複）に指定されており、金沢市中心部と同市南部を結んでいる。"
"九十九橋","九十九橋（福井県福井市）","https://ja.wikipedia.org/wiki/九十九橋","北緯36度3分47.6秒東経136度12分41.2秒","国: 日本;所在地: 福井市;交差物件: 足羽川;用途: 道路橋;着工: 1982年;開通: 1986年5月10日;座標: 北緯36度3分47.6秒東経136度12分41.2秒﻿ / ﻿北緯36.063222度 東経136.211444度﻿ / 36.063222; 136.211444;形式: 4径間連続鋼床版桁;材料: 鉄筋コンクリート;全長: 143.9 m;幅: 26 m;最大支間長: 48.5m","日本百名橋","箇条書き,制限あり","戦国期以来、福井城下の足羽川に唯一架かる橋であった。1491年（延徳3年）、冷泉為広の越後下向日記には「石バ、百八間ノ橋アリ」とあり、また、水落神明社には1568年（永禄11年）に朝倉氏奉行人が発給した橋修理の文書が存在する。その後、柴田勝家の普請により、北半分が木造、南半分が石造の橋となる。江戸時代には半石半木の橋として有名になり、和漢三才図会、東遊記、葛飾北斎の諸国名橋奇覧に記載されている。また、橋番付では「福井掛合橋」として東関脇に位置付けられている。北国街道の一部であり、南詰には小石原門が、北詰には照手門、木戸、高札場、常夜灯があった。"
"猿橋","甲斐の猿橋（山梨県大月市）","https://ja.wikipedia.org/wiki/猿橋","北緯35度36分56.6秒東経138度58分48.8秒","国: 日本;所在地: 山梨県大月市猿橋町猿橋;交差物件: 桂川;建設: 1984年（江戸期の復元）;座標: 北緯35度36分56.6秒東経138度58分48.8秒﻿ / ﻿北緯35.615722度 東経138.980222度﻿ / 35.615722; 138.980222座標: 北緯35度36分56.6秒東経138度58分48.8秒﻿ / ﻿北緯35.615722度 東経138.980222度﻿ / 35.615722; 138.980222;形式: 刎橋;全長: 30.9m;幅: 3.3m;高さ: 31m","日本百名橋","箇条書き,制限あり","江戸時代には「日本三奇橋」の一つとしても知られ、甲州街道に架かる重要な橋であった。猿橋は現在では人道橋で、上流と下流にそれぞれ山梨県道505号小和田猿橋線と国道20号で同名の新猿橋がある。長さ30.9メートル、幅3.3メートル。水面からの高さ31メートル。深い谷間のために橋脚はなく、鋭くそびえたつ両岸から四層に重ねられた「刎木（はねぎ）」とよばれる支え木をせり出し、橋を支えている。"
"中津橋","中津橋（長野県佐久市）","https://ja.wikipedia.org/wiki/中津橋","北緯36度16分15.4秒東経138度25分4.5秒","国: 日本;所在地: 長野県佐久市;交差物件: 千曲川;用途: 道路橋;路線名: 佐久市道59-001号線;管理者: 佐久市;施工者: 日本橋梁;開通: 1932年（昭和7年）;座標: 北緯36度16分15.4秒東経138度25分4.5秒﻿ / ﻿北緯36.270944度 東経138.417917度﻿ / 36.270944; 138.417917﻿ (中津橋);形式: トラス橋;材料: 鋼;全長: 130.000 m;幅: 5.50 m;最大支間長: 53.200 m","日本百名橋","箇条書き,制限あり",""
"桃介橋","桃介橋（長野県木曽郡南木曽町）","https://ja.wikipedia.org/wiki/桃介橋","北緯35度36分3秒東経137度36分25秒","国: 日本;所在地: 南木曽町;交差物件: 木曽川;建設: 1921-1922年;座標: 北緯35度36分3秒東経137度36分25秒﻿ / ﻿北緯35.60083度 東経137.60694度﻿ / 35.60083; 137.60694座標: 北緯35度36分3秒東経137度36分25秒﻿ / ﻿北緯35.60083度 東経137.60694度﻿ / 35.60083; 137.60694;形式: 吊橋;材料: 木材;全長: 247m","日本百名橋","箇条書き,制限あり","1922年（大正11年）に完成した木橋である。1978年（昭和53年）には破損・老朽化のため使用取りやめとなり、廃橋の町議会決議を受けるに至った。しかし撤去のための費用がなかったために実際に廃橋とはならず、1993年（平成5年）に南木曽町のふるさと創生事業「大正ロマンを偲ぶ桃介記念公園整備事業」の一環として復元され、再び渡河の用に供されるようになった。"
"中橋 (宮川)","中橋（岐阜県高山市）","https://ja.wikipedia.org/wiki/中橋_(宮川)","北緯36度8分24.0秒東経137度15分33.2秒","","日本百名橋","箇条書き,制限あり",""
"永保寺","永保寺・無際橋（岐阜県多治見市）","https://ja.wikipedia.org/wiki/永保寺","北緯35度20分48秒東経137度7分51秒","所在地: 岐阜県多治見市虎渓山町1-40;位置: 北緯35度20分48秒東経137度7分51秒﻿ / ﻿北緯35.34667度 東経137.13083度﻿ / 35.34667; 137.13083座標: 北緯35度20分48秒東経137度7分51秒﻿ / ﻿北緯35.34667度 東経137.13083度﻿ / 35.34667; 137.13083;山号: 虎渓山;宗旨: 臨済宗;宗派: 南禅寺派;本尊: 聖観世音菩薩;創建年: 正和2年（1313年）;開基: 夢窓疎石（開創）元翁本元（開山）;正式名: 虎渓山永保禅寺（虎渓山永保寺）;文化財: 観音堂、開山堂（国宝）絹本著色千手観音図（重要文化財）庭園（名勝）;法人番号: 5200005008204","日本百名橋","箇条書き,制限あり","1295年頃、鎌倉の地で夢窓疎石と元翁本元が修行し、また土岐頼貞との接点が生まれた。1311年悟後の修行のため甲斐の龍山庵（浄居寺）に一時隠棲していた夢窓疎石は、1312年元翁本元とともに元翁の故郷である三河の大徳寺に逗留。1313年土岐頼貞の招きにより、頼貞の父・土岐光定（1281年4月8日没）の33回忌を定林寺で厳修した。その後土岐頼貞の別邸または砦があったと推察される長瀬山の麓に庵を結ぶ。"
"富士川橋","富士川橋（静岡県富士市）","https://ja.wikipedia.org/wiki/富士川橋","","国:  日本;所在地: 静岡県富士市;交差物件: 静岡県富士市岩本-静岡県富士市岩渕;建設: 1965年3月26日-1967年11月24日;形式: 鋼橋;材料: 鋼;全長: 783m","日本百名橋","箇条書き,制限あり","東名高速道路の道路橋梁。富士IC- 清水IC間にあり、右岸側には富士川サービスエリアが隣接する。"
"大井川橋","大井川橋（静岡県島田市）","https://ja.wikipedia.org/wiki/大井川橋","","国:  日本;所在地: 静岡県焼津市-静岡県島田市;建設: 1966年3月24日-1968年9月28日;全長: 850m","日本百名橋","箇条書き,制限あり","東名高速道路の道路橋梁。焼津IC- 吉田IC間にある。左岸は焼津市（旧大井川町）、右岸は島田市。最下流から3番目の橋である。"
"浜名大橋","浜名橋（静岡県浜松市）","https://ja.wikipedia.org/wiki/浜名大橋","北緯34度40分44.1秒東経137度35分51.1秒","国: 日本;所在地: 静岡県浜松市西区・湖西市;交差物件: 浜名湖;建設: 1976年;形式: PC5径間連続有ヒンジラーメン箱桁橋;全長: 631.8m;幅: 9.0m;最大支間長: 240m","日本百名橋","箇条書き,制限あり","浜名大橋は浜名バイパスの一部に属しているため、浜名バイパスが日本道路公団の管理する有料道路時代においては、浜名大橋の通行には必然的に通行料金が発生した。2005年（平成17年）3月30日に浜名バイパスが無料開放されたことに伴い、以降は無料で通行することができる。"
"矢作橋","矢作橋（愛知県岡崎市）","https://ja.wikipedia.org/wiki/矢作橋","北緯34度57分33.9秒東経137度8分54.6秒","","日本百名橋","箇条書き,制限あり",""
"納屋橋","納屋橋（愛知県名古屋市中区）","https://ja.wikipedia.org/wiki/納屋橋","北緯35度10分04秒東経136度53分31秒","","日本百名橋","箇条書き,制限あり",""
"枇杷島橋","枇杷島橋（愛知県清須市）","https://ja.wikipedia.org/wiki/枇杷島橋","北緯35度11分32秒東経136度52分3秒","国: 日本;所在地: 愛知県名古屋市西区- 愛知県清須市;交差物件: 庄内川;建設: 1956年;座標: 北緯35度11分32秒東経136度52分3秒﻿ / ﻿北緯35.19222度 東経136.86750度﻿ / 35.19222; 136.86750;全長: 177.3m;幅: 11m","日本百名橋","箇条書き,制限あり","今日ある橋は、1956年に愛知県によって架けられた。左岸はゲルバー式鋼桁、右岸は鉄筋コンクリート桁になっている。1966年には両側に歩道が設けられ、その欄干には2種類の二色絵がつけられている。1971年には国道22号から愛知県道67号名古屋祖父江線・愛知県道190号名古屋一宮線となっている。"
"長良大橋","長良大橋（岐阜県岐阜市）","https://ja.wikipedia.org/wiki/長良大橋","北緯35度21分43秒東経136度41分20秒","国: 日本;所在地: 岐阜県岐阜市茶屋新田 - 大垣市墨俣町墨俣 間;交差物件: 長良川;路線名: 岐阜県道31号岐阜垂井線;管理者: 岐阜県;設計者: 岐阜県（北原技師）。;施工者: 横河橋梁製作所（上部工）;着工: 1931年（昭和6年）4月;竣工: 1933年（昭和8年）6月;開通: 1933年（昭和8年）11月15日;座標: 北緯35度21分43秒東経136度41分20秒﻿ / ﻿北緯35.362056度 東経136.68875度﻿ / 35.362056; 136.68875座標: 北緯35度21分43秒東経136度41分20秒﻿ / ﻿北緯35.362056度 東経136.68875度﻿ / 35.362056; 136.68875;形式: 曲弦ワーレントラス橋;材料: 鋳鋼;全長: 384.85m;幅: 14.815m;最大支間長: 64m","日本百名橋","箇条書き,制限あり","岐阜県の、昭和恐慌による失業者への救済策である「岐垣国道改築工事事業」の一つとして、長良川に架橋された。"
"宇治橋 (伊勢市)","伊勢・宇治橋（三重県伊勢市）","https://ja.wikipedia.org/wiki/宇治橋_(伊勢市)","北緯34度27分31.5秒東経136度43分23.5秒","国: 日本;所在地: 三重県伊勢市;交差物件: 五十鈴川;用途: 道路橋;管理者: 伊勢神宮;設計者施工者: 宮大工、船大工、間組;建設: 2009年11月3日;座標: 北緯34度27分31.5秒東経136度43分23.5秒﻿ / ﻿北緯34.458750度 東経136.723194度﻿ / 34.458750; 136.723194座標: 北緯34度27分31.5秒東経136度43分23.5秒﻿ / ﻿北緯34.458750度 東経136.723194度﻿ / 34.458750; 136.723194;形式: 和橋;材料: 木材（檜）;全長: 101.8m;幅: 8.42m","日本百名橋","箇条書き,制限あり","宇治橋は伊勢の神宮の内宮の参道口にある長さ101.8m、幅8.42mの木造の和橋（わきょう、日本風の橋）で、橋の両側に神明鳥居がある。五十鈴川に架けられたこの橋は内宮参拝時の記念撮影の名所になっており、内宮のシンボルとされる。神宮の定義では宇治橋を渡った先は神域ではなく神苑であるが、崇敬者・参拝者は通常神域と扱うことから、一般に「俗界と聖界の境にある橋」とされる。"
"瀬田唐橋","瀬田唐橋（滋賀県大津市）","https://ja.wikipedia.org/wiki/瀬田唐橋","北緯34度58分23秒東経135度54分22秒","国: 日本;所在地: 滋賀県大津市唐橋町-瀬田1丁目;交差物件: 瀬田川;用途: 道路橋;路線名: 滋賀県道2号大津能登川長浜線;着工: 1974年（昭和49年）;竣工: 1979年（昭和54年）;座標: 北緯34度58分23秒東経135度54分22秒﻿ / ﻿北緯34.97306度 東経135.90611度﻿ / 34.97306; 135.90611座標: 北緯34度58分23秒東経135度54分22秒﻿ / ﻿北緯34.97306度 東経135.90611度﻿ / 34.97306; 135.90611;全長: 223.7m;幅: 12m","日本百名橋","箇条書き,制限あり","京都の宇治橋、山崎橋とならんで日本三大橋（日本三名橋・日本三古橋）の1つとされてきた。また、近江八景の1つ「瀬田の夕照（勢田夕照）」として知られる。1986年（昭和61年）8月10日の道の日には、旧・建設省と「道の日」実行委員会により制定された「日本の道100選」にも選ばれている。"
"日吉大社","大宮橋（滋賀県大津市）","https://ja.wikipedia.org/wiki/日吉大社#文化財","北緯35度4分24.4秒東経135度51分53.9秒","所在地: 滋賀県大津市坂本5丁目1-1;位置: 北緯35度4分24.4秒東経135度51分53.9秒﻿ / ﻿北緯35.073444度 東経135.864972度﻿ / 35.073444; 135.864972﻿ (日吉大社)座標: 北緯35度4分24.4秒東経135度51分53.9秒﻿ / ﻿北緯35.073444度 東経135.864972度﻿ / 35.073444; 135.864972﻿ (日吉大社);主祭神: 西本宮：大己貴神東本宮：大山咋神;社格等: 式内社（名神大）二十二社（下八社）旧官幣大社別表神社;創建: 崇神天皇7年;本殿の様式: 日吉造;別名: 山王権現;札所等: 神仏霊場巡拝の道第149番（滋賀第17番）;例祭: 4月12日 - 15日（山王祭）;地図: 日吉大社","日本百名橋","箇条書き,制限あり","全国に約3,800社ある日吉・日枝・山王神社の総本社である。通称として山王権現とも呼ばれる。猿を神の使いである神猿（まさる）とする。西本宮と東本宮を中心とする400,000m2の境内は国の史跡に指定されている。社名の「日吉」はかつては「ひえ」と読んだが、第二次世界大戦後は「ひよし」を正式の読みとしている。鳥居は独自の形式で「山王鳥居」（合掌鳥居）と呼ばれる。"
"谷瀬の吊り橋","谷瀬の吊橋（奈良県吉野郡十津川村）","https://ja.wikipedia.org/wiki/谷瀬の吊り橋","北緯34度06分05秒東経135度45分46秒","所在地: 奈良県吉野郡十津川村上野地-谷瀬;交差物件: 十津川（熊野川）;用途: 人道橋;路線名: 村道谷瀬線;管理者: 十津川村;着工: 不明;竣工: 1954年（昭和29年）;座標: 北緯34度06分05秒東経135度45分46秒﻿ / ﻿北緯34.10139度 東経135.76278度﻿ / 34.10139; 135.76278座標: 北緯34度06分05秒東経135度45分46秒﻿ / ﻿北緯34.10139度 東経135.76278度﻿ / 34.10139; 135.76278;形式: 吊橋;材料: ワイヤーケーブル;全長: 297.7m;幅: 2m;高さ: 54m","日本百名橋","箇条書き,制限あり","十津川（熊野川）に架かり、十津川村上野地（うえのじ）と対岸の谷瀬（たにぜ）を結ぶ。川面からの高さ54メートル(m) 、長さ297.7 m。1954年（昭和29年）に架橋された。完成時より日本一長い歩道吊橋であったが、1994年（平成6年）に茨城県の竜神大吊橋が完成したことで日本一の座を譲っている。"
"不老橋","不老橋（三断橋）（和歌山県和歌山市）","https://ja.wikipedia.org/wiki/不老橋","北緯34度11分12.43秒東経135度10分21.75秒","","日本百名橋","箇条書き,制限あり",""
"三条大橋","三条大橋（京都府京都市中京区）","https://ja.wikipedia.org/wiki/三条大橋","北緯35度00分32.66秒東経135度46分18.25秒","","日本百名橋","箇条書き,制限あり",""
"五条大橋","五条大橋（京都府京都市下京区）","https://ja.wikipedia.org/wiki/五条大橋","北緯34度59分45秒東経135度46分06秒","","日本百名橋","箇条書き,制限あり",""
"賀茂別雷神社","上賀茂神社・橋殿（京都府京都市北区）","https://ja.wikipedia.org/wiki/賀茂別雷神社","北緯35度3分37秒東経135度45分10秒","所在地: 京都府京都市北区上賀茂本山339;位置: 北緯35度3分37秒東経135度45分10秒﻿ / ﻿北緯35.06028度 東経135.75278度﻿ / 35.06028; 135.75278﻿ (賀茂別雷神社)座標: 北緯35度3分37秒東経135度45分10秒﻿ / ﻿北緯35.06028度 東経135.75278度﻿ / 35.06028; 135.75278﻿ (賀茂別雷神社);主祭神: 賀茂別雷大神;神体: 神山（神体山）;社格等: 式内社（名神大）山城国一宮二十二社（上七社）旧官幣大社勅祭社別表神社;創建: （伝）天武天皇7年（678年）;本殿の様式: 三間社流造;札所等: 神仏霊場巡拝の道第102番（京都第22番）;例祭: 5月15日（賀茂祭、葵祭）;主な神事: 武射神事（1月16日）競馬会神事（5月5日）御阿礼神事（5月12日）烏相撲（9月9日）;地図:","日本百名橋","箇条書き,制限あり","ユネスコの世界遺産に「古都京都の文化財」の1つとして登録されている。"
"渡月橋","渡月橋（京都府京都市西京区）","https://ja.wikipedia.org/wiki/渡月橋","北緯35度0分46.1秒東経135度40分39.8秒","国: 日本;所在地: 京都市;交差物件: 桂川;建設: （現在の橋）1934年（昭和9年）;座標: 北緯35度0分46.1秒東経135度40分39.8秒﻿ / ﻿北緯35.012806度 東経135.677722度﻿ / 35.012806; 135.677722;材料: 橋脚と橋桁：鉄筋コンクリート欄干：木造;全長: 155m;幅: 11m;最大支間長: 約10m","日本百名橋","箇条書き,制限あり","渡月橋は、桂川左岸（北側）と、中州である中ノ島公園の間に架かる橋で、全体が右京区にある。橋長155m、幅12.2m。車道は2車線で、両側に一段高くした歩道がある。観光名所であるとともに、桂川の両岸地域を結ぶ重要な交通路で、京都府道29号の一部となっている。また、南詰は京都八幡木津自転車道の起点となっている。"
"東福寺","東福寺偃月橋（京都府京都市東山区）","https://ja.wikipedia.org/wiki/東福寺","北緯34度58分37.38秒東経135度46分26.74秒","所在地: 京都府京都市東山区本町十五丁目778;位置: 北緯34度58分37.38秒東経135度46分26.74秒﻿ / ﻿北緯34.9770500度 東経135.7740944度﻿ / 34.9770500; 135.7740944﻿ (東福寺)座標: 北緯34度58分37.38秒東経135度46分26.74秒﻿ / ﻿北緯34.9770500度 東経135.7740944度﻿ / 34.9770500; 135.7740944﻿ (東福寺);山号: 慧日山;宗派: 臨済宗東福寺派;寺格: 大本山京都五山第四位;本尊: 釈迦如来;創建年: 嘉禎2年（1236年）;開山: 円爾;開基: 九条道家;正式名: 慧日山 東福禅寺;文化財: 三門、宋版太平御覧、絹本著色無準師範像ほか（国宝）常楽庵、禅堂、偃月橋、絹本著色釈迦三尊像、木造地蔵菩薩坐像ほか（重要文化財）庭園（国の名勝）;公式HP: 臨済宗大本山 東福寺 -日本最古の最大級の伽藍-;法人番号: 8130005001320","日本百名橋","箇条書き,制限あり","東福寺は京都市東山区の東南端、伏見区と境を接するあたりにあり、東には泉涌寺がある。この地には延長2年（924年）に藤原忠平によって建てられた藤原氏の氏寺・法性寺の巨大な伽藍があった（法性寺は、JR・京阪東福寺駅近くに小寺院として存続している）。嘉禎2年（1236年）、摂政九条道家は、この地に高さ5丈（約15メートル）の釈迦如来像を安置する大寺院を建立することを発願し、寺名は奈良の東大寺、興福寺の二大寺から1字ずつ取って「東福寺」とした。建長元年（1249年）に完成した5丈の釈迦如来像を安置する仏殿の建設工事は延応元年（1239年）から始めて、完成したのは建長7年（1255年）であった。"
"宇治橋 (宇治市)","宇治橋（京都府宇治市）","https://ja.wikipedia.org/wiki/宇治橋_(宇治市)","北緯34度53分34.6秒東経135度48分22.4秒","","日本百名橋","箇条書き,制限あり",""
"上津屋橋","上津屋橋（流れ橋）（京都府八幡市）","https://ja.wikipedia.org/wiki/上津屋橋","北緯34度52分5.38秒東経135度44分52.45秒","国: 日本;所在地: 京都府久世郡久御山町- 八幡市間;交差物件: 木津川（淀川水系）;用途: 道路橋;路線名: 京都府道281号八幡城陽線1959年(昭和34年)12月18日認定;設計者施工者: 徳田敏夫;建設: 1953年（昭和28年）3月;座標: 北緯34度52分5.38秒東経135度44分52.45秒﻿ / ﻿北緯34.8681611度 東経135.7479028度﻿ / 34.8681611; 135.7479028;形式: 流れ橋;材料: 木材、一部はコンクリート;全長: 356.5 m;幅: 3.3 m（有効幅員3.0 m）;最大支間長: 10.1 m　(2016年3月現在)","日本百名橋","箇条書き,制限あり","上津屋橋は、京都府道281号八幡城陽線の一部に指定されている、橋長（全長）356.5 m、幅3.3 mの橋である。歩行者の専用橋となっており、周辺住民の生活道路の一部として利用されている。"
"泉大橋","泉大橋（京都府木津川市）","https://ja.wikipedia.org/wiki/泉大橋","北緯34度44分36.3秒東経135度49分17.8秒","国: 日本;所在地: 木津川市;交差物件: 木津川;建設: 1951年;座標: 北緯34度44分36.3秒東経135度49分17.8秒﻿ / ﻿北緯34.743417度 東経135.821611度﻿ / 34.743417; 135.821611座標: 北緯34度44分36.3秒東経135度49分17.8秒﻿ / ﻿北緯34.743417度 東経135.821611度﻿ / 34.743417; 135.821611;形式: カンチレバー式トラス橋;全長: 383.6m","日本百名橋","箇条書き,制限あり","かつて木津川は、泉河とも呼ばれていた。今日の泉大橋は、1951年に架けられた長さ383.6メートルのカンチレバー（ゲルバー）式トラス橋である。西側には、歩行者・自転車用の橋が隣接し、東側ではJR奈良線の鉄道橋がのぞめる。橋の南詰には京都八幡木津自転車道の終点がある。"
"長柄橋","長柄橋（大阪府大阪市北区、東淀川区）","https://ja.wikipedia.org/wiki/長柄橋","北緯34度43分16.2秒東経135度30分36.1秒","","日本百名橋","箇条書き,制限あり",""
"難波橋","難波橋（大阪府大阪市中央区）","https://ja.wikipedia.org/wiki/難波橋","北緯34度41分33.7秒東経135度30分25.7秒","国: 日本;所在地: 大阪市中央区北浜-北区西天満間;交差物件: 旧淀川;設計者施工者: 意匠:宗兵蔵、彫刻:天岡均一;建設: 1915年;座標: 北緯34度41分33.7秒東経135度30分25.7秒﻿ / ﻿北緯34.692694度 東経135.507139度﻿ / 34.692694; 135.507139;形式: 2ヒンジアーチおよび合成桁RCアーチほか;全長: 189.65m;幅: 21.8m","日本百名橋","箇条書き,制限あり","大阪市中央区北浜と北区西天満を結ぶ、全長189.7m、幅21.8mの橋である。中之島の拡張（後述）により、実質的には土佐堀川と堂島川の2つの川を渡る。橋の中央で下流側に中之島通を分岐させ、上流側に中之島公園へ降りる階段が設けられている。"
"高麗橋","高麗橋（大阪府大阪市中央区）","https://ja.wikipedia.org/wiki/高麗橋","北緯34度41分23.46秒東経135度29分54.35秒","国: 日本;所在地: 大阪市中央区（高麗橋-東高麗橋）;交差物件: 東横堀川;建設: 1929年（昭和4年）;形式: アーチ橋;国:  日本;都道府県:  大阪府;市町村:  大阪市;区: 中央区;• 合計: 0.100943256km2;• 合計: 968人;等時帯: UTC+9(日本標準時);郵便番号: 541-0043;市外局番: 06（大阪MA）;ナンバープレート: なにわ;国: 日本;所在地: 大阪市中央区（高麗橋-東高麗橋）;交差物件: 東横堀川;建設: 1929年（昭和4年）;形式: アーチ橋;国:  日本;都道府県:  大阪府;市町村:  大阪市;区: 中央区;• 合計: 0.100943256km2;• 合計: 968人;等時帯: UTC+9(日本標準時);郵便番号: 541-0043;市外局番: 06（大阪MA）;ナンバープレート: なにわ","日本百名橋","箇条書き,制限あり","大坂城築城に際して、西惣構堀として東横堀川が開削され、その際に架橋されたと言われており、慶長9年8月銘の擬宝珠が発掘されている。橋名の由来には、東詰付近に難波高麗館（なにわのこまのむろつみ）が置かれていた説と、朝鮮国使来朝のために架橋された説などがある。"
"淀屋橋","淀屋橋（大阪府大阪市中央区）","https://ja.wikipedia.org/wiki/淀屋橋","北緯34度41分34.7秒東経135度30分3.5秒","","日本百名橋","箇条書き,制限あり",""
"心斎橋","心斎橋（大阪府大阪市中央区）","https://ja.wikipedia.org/wiki/心斎橋","北緯34度40分21秒東経135度30分00秒","","日本百名橋","箇条書き,制限あり",""
"住吉反橋","住吉の反橋（大阪府大阪市住吉区）","https://ja.wikipedia.org/wiki/住吉反橋","北緯34度36分45秒東経135度29分32秒","","日本百名橋","箇条書き,制限あり","住吉反橋（すみよしそりはし）は、大阪市住吉区の住吉大社境内に架かる橋である。"
"明石海峡大橋","明石海峡大橋（兵庫県神戸市、淡路市）","https://ja.wikipedia.org/wiki/明石海峡大橋","北緯34度37分1秒東経135度1分16秒","国: 日本;所在地: 淡路市- 神戸市間;交差物件: 明石海峡;用途: 道路橋;路線名: 国道28号（神戸淡路鳴門自動車道）;管理者: 本州四国連絡高速道路;着工: 1988年5月;開通: 1998年4月5日;座標: 北緯34度37分1秒東経135度1分16秒﻿ / ﻿北緯34.61694度 東経135.02111度﻿ / 34.61694; 135.02111座標: 北緯34度37分1秒東経135度1分16秒﻿ / ﻿北緯34.61694度 東経135.02111度﻿ / 34.61694; 135.02111;形式: 3径間2ヒンジ補剛トラス吊橋;材料: 鋼;全長: 3,911 m;高さ: 298.3 m;桁下高: 65 m;最大支間長: 1,991 m;国: 日本;所在地: 淡路市- 神戸市間;交差物件: 明石海峡;用途: 道路橋;路線名: 国道28号（神戸淡路鳴門自動車道）;管理者: 本州四国連絡高速道路;着工: 1988年5月;開通: 1998年4月5日;座標: 北緯34度37分1秒東経135度1分16秒﻿ / ﻿北緯34.61694度 東経135.02111度﻿ / 34.61694; 135.02111座標: 北緯34度37分1秒東経135度1分16秒﻿ / ﻿北緯34.61694度 東経135.02111度﻿ / 34.61694; 135.02111;形式: 3径間2ヒンジ補剛トラス吊橋;材料: 鋼;全長: 3,911 m;高さ: 298.3 m;桁下高: 65 m;最大支間長: 1,991 m","日本百名橋","箇条書き,制限あり","1998年（平成10年）4月5日に供用が開始された。全長3,911 m、中央支間1,991 mで世界最長の吊橋である。1998年（平成10年）の開業以来、「ギネス世界記録」に認定・掲載されている。建設費は約5,000億円。"
"余部橋りょう","餘部橋梁（兵庫県美方郡香美町）","https://ja.wikipedia.org/wiki/余部橋りょう","北緯35度38分58.9秒東経134度33分37秒","国: 日本;所在地: 兵庫県美方郡香美町香住区余部;交差物件: 長谷川;設計者: ジェイアール西日本コンサルタンツ（技師長 北後征雄）;施工者: 清水建設・錢高組特定建設工事共同企業体;建設: 2007年3月8日- 2011年2月24日;座標: 北緯35度38分58.9秒東経134度33分37秒﻿ / ﻿北緯35.649694度 東経134.56028度﻿ / 35.649694; 134.56028座標: 北緯35度38分58.9秒東経134度33分37秒﻿ / ﻿北緯35.649694度 東経134.56028度﻿ / 35.649694; 134.56028;形式: エクストラドーズド橋;材料: プレストレスト・コンクリート;全長: 310.6 m;幅: 7.25 m;高さ: 41.5 m;最大支間長: 82.5 m;国:  日本;所在地: 兵庫県美方郡香美町香住区余部;交差物件: 長谷川;設計者: 古川晴一、ポール・ウォルフェル;施工者: 鉄道院、鉄道工業、上州屋;建設: 1909年（明治42年）12月16日- 1912年（明治45年）1月13日;形式: トレッスル橋;材料: 鋼材;全長: 310.59 m;幅: 5.334 m;高さ: 41.45 m（長谷川河床からレール面まで）;最大支間長: 18.288 m;発生日: 1986年（昭和61年）12月28日;発生時刻: 13時25分頃 (JST);国:  日本;場所: 兵庫県美方郡香美町香住区余部;路線: 山陰本線;運行者: 日本国有鉄道;事故種類: 脱線転落事故;原因: 強風・風速計故障による指令の判断ミス;列車数: 7両大破;死者: 6人（車掌1名・民間人5名）;負傷者: 6人;国: 日本;所在地: 兵庫県美方郡香美町香住区余部;交差物件: 長谷川;設計者: ジェイアール西日本コンサルタンツ（技師長 北後征雄）;施工者: 清水建設・錢高組特定建設工事共同企業体;建設: 2007年3月8日- 2011年2月24日;座標: 北緯35度38分58.9秒東経134度33分37秒﻿ / ﻿北緯35.649694度 東経134.56028度﻿ / 35.649694; 134.56028座標: 北緯35度38分58.9秒東経134度33分37秒﻿ / ﻿北緯35.649694度 東経134.56028度﻿ / 35.649694; 134.56028;形式: エクストラドーズド橋;材料: プレストレスト・コンクリート;全長: 310.6 m;幅: 7.25 m;高さ: 41.5 m;最大支間長: 82.5 m;国:  日本;所在地: 兵庫県美方郡香美町香住区余部;交差物件: 長谷川;設計者: 古川晴一、ポール・ウォルフェル;施工者: 鉄道院、鉄道工業、上州屋;建設: 1909年（明治42年）12月16日- 1912年（明治45年）1月13日;形式: トレッスル橋;材料: 鋼材;全長: 310.59 m;幅: 5.334 m;高さ: 41.45 m（長谷川河床からレール面まで）;最大支間長: 18.288 m;発生日: 1986年（昭和61年）12月28日;発生時刻: 13時25分頃 (JST);国:  日本;場所: 兵庫県美方郡香美町香住区余部;路線: 山陰本線;運行者: 日本国有鉄道;事故種類: 脱線転落事故;原因: 強風・風速計故障による指令の判断ミス;列車数: 7両大破;死者: 6人（車掌1名・民間人5名）;負傷者: 6人;国: 日本;所在地: 兵庫県美方郡香美町香住区余部;交差物件: 長谷川;設計者: ジェイアール西日本コンサルタンツ（技師長 北後征雄）;施工者: 清水建設・錢高組特定建設工事共同企業体;建設: 2007年3月8日- 2011年2月24日;座標: 北緯35度38分58.9秒東経134度33分37秒﻿ / ﻿北緯35.649694度 東経134.56028度﻿ / 35.649694; 134.56028座標: 北緯35度38分58.9秒東経134度33分37秒﻿ / ﻿北緯35.649694度 東経134.56028度﻿ / 35.649694; 134.56028;形式: エクストラドーズド橋;材料: プレストレスト・コンクリート;全長: 310.6 m;幅: 7.25 m;高さ: 41.5 m;最大支間長: 82.5 m;国:  日本;所在地: 兵庫県美方郡香美町香住区余部;交差物件: 長谷川;設計者: 古川晴一、ポール・ウォルフェル;施工者: 鉄道院、鉄道工業、上州屋;建設: 1909年（明治42年）12月16日- 1912年（明治45年）1月13日;形式: トレッスル橋;材料: 鋼材;全長: 310.59 m;幅: 5.334 m;高さ: 41.45 m（長谷川河床からレール面まで）;最大支間長: 18.288 m;発生日: 1986年（昭和61年）12月28日;発生時刻: 13時25分頃 (JST);国:  日本;場所: 兵庫県美方郡香美町香住区余部;路線: 山陰本線;運行者: 日本国有鉄道;事故種類: 脱線転落事故;原因: 強風・風速計故障による指令の判断ミス;列車数: 7両大破;死者: 6人（車掌1名・民間人5名）;負傷者: 6人","日本百名橋","箇条書き,制限あり","余部橋梁は2代存在し、初代の旧橋梁は鋼製トレッスル橋で「余部鉄橋」の通称でも知られ、1912年（明治45年）3月1日に開通し、2010年（平成22年）7月16日夜に運用を終了した。2代目の現橋梁はエクストラドーズドPC橋で、2007年3月からの架け替え工事を経て、2010年8月12日に供用が始まった。"
"神子畑鋳鉄橋","神子畑橋（兵庫県朝来市）","https://ja.wikipedia.org/wiki/神子畑鋳鉄橋","北緯35度15分5.3秒東経134度43分59.3秒","国: 日本;所在地: 〒679-3453 兵庫県朝来市佐嚢（さのう）;用途: 道路橋;管理者: 朝来市;竣工: 1885年3月;座標: 北緯35度15分5.3秒東経134度43分59.3秒﻿ / ﻿北緯35.251472度 東経134.733139度﻿ / 35.251472; 134.733139座標: 北緯35度15分5.3秒東経134度43分59.3秒﻿ / ﻿北緯35.251472度 東経134.733139度﻿ / 35.251472; 134.733139;形式: 単径間アーチ橋（上路型）;材料: 全鋳鉄製;全長: 16.0メートル;幅: 3.727メートル;高さ: 3.81メートル;最大支間長: 14.2メートル;1: 神子畑鋳鉄橋;2: 吊橋;3: 羽渕鋳鉄橋;4: 金木鋳鉄橋;5: 無名橋","日本百名橋","箇条書き,制限あり","橋は兵庫県朝来市佐嚢（さのう）地区を流れる神子畑川（みこばた）に架かる鋳鉄でできたアーチ橋で、川は円山川の支流で国道429号沿いに東西に流れており、神子畑鉱山で採掘された鉱石を生野の生野精錬所まで輸送するため1883年から2年の歳月をかけて約16kmの鉱石運搬道路を建設。その運搬路建設の一環として手引車や牛車（1891年に鉄道馬車等のトロッコ用の線路が敷かれる）などのためにかけられた鉄橋群の一つである。鋳物で作られたものとしては日本では最古のもので横須賀製鉄所で作られ飾磨まで海輸し運ばれたとされ、生野鉱山の開発などで呼ばれたフランス人技師たちの指導のもと作られた。この工事は、明治政府の工部省が総工費4万円で建設した。"
"武庫大橋","武庫大橋（兵庫県西宮市）","https://ja.wikipedia.org/wiki/武庫大橋","北緯34度43分54.4秒東経135度22分49.2秒","国: 日本;所在地: 兵庫県尼崎市- 兵庫県西宮市;交差物件: 武庫川;設計者施工者: 増田淳;建設: 1926年;座標: 北緯34度43分54.4秒東経135度22分49.2秒﻿ / ﻿北緯34.731778度 東経135.380333度﻿ / 34.731778; 135.380333;形式: RC開腹アーチ橋;材料: 鉄筋コンクリート;全長: 262.5m;幅: 20m;最大支間長: 20.1m","日本百名橋","箇条書き,制限あり","増田淳の指導のもと、1925年8月から1年4か月をかけて完成し、かつては路面電車の阪神国道線も併設されていた。橋の中央部にバルコニーがあり、高欄は北木石でつくられている。1993年には改修が施された。"
"智頭橋","智頭橋（鳥取県鳥取市）","https://ja.wikipedia.org/wiki/智頭橋","北緯35度29分58.7秒東経134度13分41.2秒","国: 日本;所在地: 鳥取県鳥取市;交差物件: 袋川;建設: 1956年;座標: 北緯35度29分58.7秒東経134度13分41.2秒﻿ / ﻿北緯35.499639度 東経134.228111度﻿ / 35.499639; 134.228111;形式: 3径間ラーメン橋;材料: 鉄筋コンクリート;全長: 26m;幅: 15m","日本百名橋","箇条書き,制限あり","今日ある智頭橋は1956年12月に架けられた。1993年には、広い歩道橋が隣接して造られ、そこにはベンチや少年・少女の像がある。"
"瀬戸大橋","瀬戸大橋（岡山県倉敷市）","https://ja.wikipedia.org/wiki/瀬戸大橋","北緯34度23分54秒東経133度48分36秒","国: 日本;所在地: 香川県坂出市- 岡山県倉敷市;交差物件: 瀬戸内海（備讃瀬戸）;用途: 鉄道道路併用橋;路線名: 道路: 瀬戸中央自動車道鉄道: 本四備讃線（瀬戸大橋線）;着工: 1978年10月10日;開通: 1988年4月10日;座標: 北緯34度23分54秒東経133度48分36秒﻿ / ﻿北緯34.39833度 東経133.81000度﻿ / 34.39833; 133.81000座標: 北緯34度23分54秒東経133度48分36秒﻿ / ﻿北緯34.39833度 東経133.81000度﻿ / 34.39833; 133.81000;全長: 12,300 m （海峡部 9,367 m）;幅: 35 m;高さ: 194 m （南備讃瀬戸大橋北側主塔）;最大支間長: 1,100 m （南備讃瀬戸大橋）","日本百名橋","箇条書き,制限あり","橋には道路と鉄道が通り、鉄道道路併用橋としては世界最長で「世界一長い鉄道道路併用橋」としてギネス世界記録（2015年）にも認定されている。2017年（平成29年）に日本の20世紀遺産に選定。完成したのはレインボーブリッジができる前のことで、海に架かる長大橋はそれまでサンフランシスコのゴールデン・ゲート・ブリッジなど海外のものがよく知られ、海峡部10km近く、主塔の高さ200m近いものとしては国内初だった。完成時は同じ1988年に開通した青函トンネル（約1か月早く開業）と合わせて大々的に報道され、当時一大観光スポットになった。"
"京橋 (岡山市)","京橋（岡山県岡山市北区、中区）","https://ja.wikipedia.org/wiki/京橋_(岡山市)","北緯34度39分29.0秒東経133度55分59.1秒","国: 日本;所在地: 岡山市北区・中区;交差物件: 旭川;建設: 現行橋：1915年6月10日- 1917年3月26日;座標: 北緯34度39分29.0秒東経133度55分59.1秒﻿ / ﻿北緯34.658056度 東経133.933083度﻿ / 34.658056; 133.933083;形式: 綱I型桁、RC床版、切石舗装（花崗岩の石畳）;材料: 鉄筋コンクリート、花崗石;全長: 131.2m;幅: 14.9m;高さ: 4.27m;最大支間長: 9.0m","日本百名橋","箇条書き,制限あり","京橋は、かつて現在より少し川上にあり、大橋と呼ばれていた。安土桃山時代に、大橋のたもとに町ができ、その町は大橋町と呼ばれるようになった。この町は、京や大坂の品を扱う店が多かったため、京町と改名され、それに伴い橋も京橋と改名された。1593年（文禄2年）、京橋は現在の位置に架け替えられた。それに伴い、元の京橋が「古京橋」となり、町名も「古京町」に改められた。"
"大橋 (大橋川)","松江・大橋（島根県松江市）","https://ja.wikipedia.org/wiki/大橋_(大橋川)","北緯35度28分4.3秒東経133度3分18.3秒","国: 日本;所在地: 島根県松江市;交差物件: 大橋川;建設: 1937年（現橋）;座標: 北緯35度28分4.3秒東経133度3分18.3秒﻿ / ﻿北緯35.467861度 東経133.055083度﻿ / 35.467861; 133.055083;形式: 鋼ゲルバー桁;材料: 鉄筋コンクリート;全長: 134m;幅: 11m;最大支間長: 30m","日本百名橋","箇条書き,制限あり","今日ある橋は17代目にあたり、そのデザインは内藤伸が関わっている。1935年着工、1937年竣工。"
"石見銀山","羅漢寺・反橋（島根県大田市）","https://ja.wikipedia.org/wiki/石見銀山#世界遺産","北緯35度06分46秒東経132度26分06秒","石見銀山遺跡とその文化的景観（日本）:;英名: Iwami Ginzan Silver Mine and its Cultural Landscape;仏名: Mine d'argent de Iwami Ginzan et son paysage culturel;面積: 529.17 ha（緩衝地域 3,134 ha）;登録区分: 文化遺産;文化区分: 遺跡（文化的景観）;登録基準: (2), (3), (5);登録年: 2007年（第31回世界遺産委員会）;備考: 2010年に軽微な変更。;公式サイト: 世界遺産センター（英語）","日本百名橋","箇条書き,制限あり",""
"厳島","厳島・反橋（広島県廿日市市）","https://ja.wikipedia.org/wiki/厳島","北緯34度16分0秒東経132度18分0秒","所在地: 日本（広島県廿日市市）;所在海域: 瀬戸内海安芸灘;座標: 北緯34度16分0秒東経132度18分0秒﻿ / ﻿北緯34.26667度 東経132.30000度﻿ / 34.26667; 132.30000座標: 北緯34度16分0秒東経132度18分0秒﻿ / ﻿北緯34.26667度 東経132.30000度﻿ / 34.26667; 132.30000;面積: 30.39 km²;海岸線長: 28.9 km;最高標高: 535.0 m;最高峰: 弥山","日本百名橋","箇条書き,制限あり","古代より、島そのものが自然崇拝の対象であったと考えられる。平安時代末期以降は、厳島神社の影響力の強さや海上交通の拠点としての重要性から、たびたび歴史の表舞台に登場するようになった。江戸時代中期には、丹後国（現・京都府北部）の天橋立、陸奥国（現・東北地方東部）の松島と並ぶ、日本三景の一つに挙げられる景勝地として広く知られることにもなり、日本屈指の参詣地・観光地として栄えるようになった。現在では人口1800人余りの島に国内外から年間300万人を超える参拝客及び観光客が訪れており、2011年には、トリップアドバイザーが「外国人に人気の日本の観光スポット」トップ20の第1位と発表した。原爆ドームとならんで広島県の代名詞的存在の一つである。"
"元安橋","元安橋（広島県広島市中区）","https://ja.wikipedia.org/wiki/元安橋","北緯34度23分38秒東経132度27分13秒","所在地: 広島県広島市中区左岸:大手町、右岸:中島町;交差物件: 太田川水系元安川;座標: 北緯34度23分38秒東経132度27分13秒﻿ / ﻿北緯34.39389度 東経132.45361度﻿ / 34.39389; 132.45361;元安橋: 130;所在地: 広島県広島市中区左岸:大手町、右岸:中島町;交差物件: 太田川水系元安川;座標: 北緯34度23分38秒東経132度27分13秒﻿ / ﻿北緯34.39389度 東経132.45361度﻿ / 34.39389; 132.45361;元安橋: 130;所在地: 広島県広島市中区左岸:大手町、右岸:中島町;交差物件: 太田川水系元安川;座標: 北緯34度23分38秒東経132度27分13秒﻿ / ﻿北緯34.39389度 東経132.45361度﻿ / 34.39389; 132.45361;元安橋: 130","日本百名橋","箇条書き,制限あり","元安川の名はこの橋の名称にちなんで付けられたと伝えられている。原爆ドームと広島平和記念公園を結ぶ橋の1つである。上流側に元安川と本川（旧太田川）の分流点と相生橋、下流側に平和大橋がある。"
"錦帯橋","錦帯橋（山口県岩国市）","https://ja.wikipedia.org/wiki/錦帯橋","北緯34度10分03.86秒東経132度10分41.43秒","国: 日本;所在地: 山口県岩国市;交差物件: 錦川;建設: 1673年（初代落成。その後、流失や復元工事有り）;座標: 北緯34度10分03.86秒東経132度10分41.43秒﻿ / ﻿北緯34.1677389度 東経132.1781750度﻿ / 34.1677389; 132.1781750;形式: 5径間木造アーチ橋;全長: 193.3 m;幅: 5.0 m","日本百名橋","箇条書き,制限あり","日本三名橋や日本三大奇橋に数えられており、名勝に指定されている。藩政期史料には「大橋」と表記されることが多く、また「凌雲橋（りょううんばし）」「五竜橋（ごりゅうばし）」「帯雲橋（たいうんばし）」「算盤橋（そろばんばし）」などとも呼ばれていた。「錦帯橋」という美名は、完成後に定着した説が有力とされている。文書による初出は宇都宮遯庵の記述した文書内である。"
"平安橋","平安橋（山口県萩市）","https://ja.wikipedia.org/wiki/平安橋","北緯34度24分34.3秒東経131度23分16.5秒","国: 日本;所在地: 山口県萩市;交差物件: 新堀川;建設: 明和年間;座標: 北緯34度24分34.3秒東経131度23分16.5秒﻿ / ﻿北緯34.409528度 東経131.387917度﻿ / 34.409528; 131.387917;形式: ゲルバー桁橋;材料: 玄武岩;全長: 6.04m;幅: 3.95m;高さ: 2.5m","日本百名橋","箇条書き,制限あり","今日ある橋は、明和年間（1764-1772）に石橋へと架け替えられたもので、山口県内では石造の刎橋形式ともとれるゲルバー桁橋が多くある。また、橋の北側には「平安古乃総門址」の碑がある。"
"金刀比羅宮","琴平・鞘橋（香川県仲多度郡琴平町）","https://ja.wikipedia.org/wiki/金刀比羅宮","北緯34度11分2.41秒東経133度48分34.33秒","所在地: 香川県仲多度郡琴平町字川西892番地1;位置: 北緯34度11分2.41秒東経133度48分34.33秒﻿ / ﻿北緯34.1840028度 東経133.8095361度﻿ / 34.1840028; 133.8095361﻿ (金刀比羅宮)座標: 北緯34度11分2.41秒東経133度48分34.33秒﻿ / ﻿北緯34.1840028度 東経133.8095361度﻿ / 34.1840028; 133.8095361﻿ (金刀比羅宮);主祭神: 大物主神（相殿）崇徳天皇;社格等: 国幣中社・別表神社;本殿の様式: 大社関棟造;札所等: さぬき十五社13番;地図: 金刀比羅宮金刀比羅宮の位置香川県の地図を表示金刀比羅宮金刀比羅宮 (日本)日本の地図を表示","日本百名橋","箇条書き,制限あり","御朱印：金刀比羅宮(本宮前神札授与所)・白峰宮・厳魂神社(奥宮)"
"三架橋","三架橋（香川県観音寺市）","https://ja.wikipedia.org/wiki/三架橋","北緯34度7分54秒東経133度39分1.3秒","国: 日本;所在地: 香川県観音寺市;交差物件: 財田川;座標: 北緯34度7分54秒東経133度39分1.3秒﻿ / ﻿北緯34.13167度 東経133.650361度﻿ / 34.13167; 133.650361;形式: 三連アーチ橋;材料: 鉄骨コンクリート;全長: 93m;幅: 7m","日本百名橋","箇条書き,制限あり","橋には香川県道21号丸亀詫間豊浜線が通り、日本百名橋にも選ばれた観音寺市を代表する名橋。三連のアーチを描く欄干が特徴。延長93m、幅員7m、当時の金額で39000円と延べ人員7000人を要している。"
"吉野川橋 (徳島市)","吉野川橋（徳島県徳島市）","https://ja.wikipedia.org/wiki/吉野川橋_(徳島市)","北緯34度5分46.3秒東経134度33分17.5秒","国: 日本;所在地: 徳島市（吉野本町）-徳島市（応神町）間;交差物件: 吉野川;建設: 1925-1928年;形式: トラス橋;全長: 1,071m","日本百名橋","箇条書き,制限あり","日本百名橋、とくしま市民遺産に選定されている。旧名は古川橋。後から、片側1車線の対面通行の橋で両側に歩道橋がつけられている。"
"祖谷渓","祖谷の蔓橋（徳島県三好市）","https://ja.wikipedia.org/wiki/祖谷渓","","","日本百名橋","箇条書き,制限あり",""
"長浜大橋","長浜大橋（愛媛県大洲市）","https://ja.wikipedia.org/wiki/長浜大橋","北緯33度36分36.0秒東経132度28分47.2秒","","日本百名橋","箇条書き,制限あり","長浜大橋（ながはまおおはし）は、愛媛県大洲市の肱川河口にある道路橋。全体が赤く塗られていることから、地元では「赤橋」の愛称で親しまれている。2009年に経済産業省の「近代化産業遺産」に認定された。2014年12月10日に国の重要文化財に指定された。"
"屋根付橋","御幸の橋（愛媛県大洲市）","https://ja.wikipedia.org/wiki/屋根付橋","","","日本百名橋","箇条書き,制限あり",""
"播磨屋橋","播磨屋橋（高知県高知市）","https://ja.wikipedia.org/wiki/播磨屋橋","北緯33度33分35.8秒東経133度32分33.5秒","国: 日本;所在地: 高知県高知市はりまや町一丁目;座標: 北緯33度33分35.8秒東経133度32分33.5秒﻿ / ﻿北緯33.559944度 東経133.542639度﻿ / 33.559944; 133.542639座標: 北緯33度33分35.8秒東経133度32分33.5秒﻿ / ﻿北緯33.559944度 東経133.542639度﻿ / 33.559944; 133.542639;全長: 約20m","日本百名橋","箇条書き,制限あり","国道32号支線と、とさでん交通桟橋線が通る。"
"沈下橋","一斗俵沈下橋（高知県高岡郡四万十町）","https://ja.wikipedia.org/wiki/沈下橋#日本各地の沈下橋#高知県","","","日本百名橋","箇条書き,制限あり",""
"常盤橋 (紫川)","常盤橋（福岡県北九州市小倉北区）","https://ja.wikipedia.org/wiki/常盤橋_(紫川)","北緯33度53分10.8秒東経130度52分38.9秒","国: 日本;所在地: 福岡県北九州市;交差物件: 紫川;建設: 1995年;座標: 北緯33度53分10.8秒東経130度52分38.9秒﻿ / ﻿北緯33.886333度 東経130.877472度﻿ / 33.886333; 130.877472;形式: 三径間連続桁;材料: ボンゴシ、チークの木材;全長: 85m;幅: 7.2m","日本百名橋","箇条書き,制限あり","今日ある橋は北九州市のマイタウン・マイリバー整備事業の一環として、1995年3月に架け換えられた。紫川下流に架かる十橋には「海」「石」「太陽」などそれぞれ自然にまつわるテーマがあり、常盤橋は「木の橋」となっている。"
"筑後川昇開橋","筑後川昇開橋（福岡県大川市）","https://ja.wikipedia.org/wiki/筑後川昇開橋","北緯33度12分54秒東経130度21分43秒","","日本百名橋","箇条書き,制限あり",""
"眼鏡橋 (長崎市)","長崎眼鏡橋（長崎県長崎市）","https://ja.wikipedia.org/wiki/眼鏡橋_(長崎市)","北緯32度44分49.85秒東経129度52分48.29秒","","日本百名橋","箇条書き,制限あり",""
"眼鏡橋 (諫早市)","諫早眼鏡橋（長崎県諫早市）","https://ja.wikipedia.org/wiki/眼鏡橋_(諫早市)","北緯32度50分43.5秒東経130度2分56.7秒","","日本百名橋","箇条書き,制限あり",""
"西海橋","西海橋（長崎県西海市、佐世保市）","https://ja.wikipedia.org/wiki/西海橋","北緯33度3分11秒東経129度45分28秒","国: 日本;所在地: 佐世保市-西海市間;交差物件: 針尾瀬戸;設計者施工者: 吉田巌（設計者）横河橋梁（施工）;建設: 1951年-1955年;座標: 北緯33度3分11秒東経129度45分28秒﻿ / ﻿北緯33.05306度 東経129.75778度﻿ / 33.05306; 129.75778;形式: 上路式鋼ブレースドリブ固定アーチ橋;材料: 鋼;全長: 316.26m;幅: 8.1m;高さ: 43.0m（海面高）;最大支間長: 243.7m","日本百名橋","箇条書き,制限あり","日本三大急潮のひとつといわれる針尾瀬戸により、長い間「陸の孤島」であった西彼杵半島と佐世保市を陸路で結び、半島における産業の振興、開発の促進を目的に架けられた。"
"祇園橋","祇園橋（熊本県天草市）","https://ja.wikipedia.org/wiki/祇園橋","北緯32度27分23秒東経130度11分17秒","国: 日本;所在地: 熊本県天草市;交差物件: 町山口川;建設: 1832年;座標: 北緯32度27分23秒東経130度11分17秒﻿ / ﻿北緯32.45639度 東経130.18806度﻿ / 32.45639; 130.18806﻿ (祇園橋)座標: 北緯32度27分23秒東経130度11分17秒﻿ / ﻿北緯32.45639度 東経130.18806度﻿ / 32.45639; 130.18806﻿ (祇園橋);形式: 10径間桁橋構造;材料: 砂岩;全長: 28.6m;幅: 3.3m","日本百名橋","箇条書き,制限あり","正式名はないが、北詰めに祇園社があることから祇園（祇園）橋と呼ばれる。この地方一帯で見られる石造アーチ橋ではなく、石造の板橋ともとれる桁橋構造をしている。石材は下浦産の砂岩を加工したものである。"
"通潤橋","通潤橋（熊本県上益城郡山都町）","https://ja.wikipedia.org/wiki/通潤橋","北緯32度40分54.1秒東経130度59分37.3秒","国: 日本;所在地: 熊本県上益城郡山都町;交差物件: 緑川水系五老ヶ滝川;建設: 1854年;座標: 北緯32度40分54.1秒東経130度59分37.3秒﻿ / ﻿北緯32.681694度 東経130.993694度﻿ / 32.681694; 130.993694;形式: 単アーチ橋;材料: 石;全長: 78m;幅: 6.3m;高さ: 20m;最大支間長: 28m","日本百名橋","箇条書き,制限あり","石造単アーチ橋で、橋長は78メートル、幅員は6.3メートル、高さは20メートル余、アーチ支間は28メートルである。橋の上部には3本の石管が通っている。肥後の石工の技術レベルの高さを証明する歴史的建造物であり、国の重要文化財に指定されている。なお通潤橋を含む通潤用水は日本を代表する用水のひとつとして農林水産省の疏水百選に選定され、橋と白糸台地一帯の棚田景観は、通潤用水と白糸台地の棚田景観の名称で国の重要文化的景観として選定されている。"
"呉橋","呉橋（大分県宇佐市）","https://ja.wikipedia.org/wiki/呉橋","北緯33度31分31.0秒東経131度22分23.7秒","","日本百名橋","箇条書き,制限あり",""
"耶馬溪橋","耶馬溪橋（大分県中津市）","https://ja.wikipedia.org/wiki/耶馬溪橋","","","日本百名橋","箇条書き,制限あり",""
"虹澗橋","虹澗橋（大分県豊後大野市、臼杵市）","https://ja.wikipedia.org/wiki/虹澗橋","北緯33度0分41.0秒東経131度38分3.8秒","","日本百名橋","箇条書き,制限あり",""
"橘橋","橘橋（宮崎県宮崎市）","https://ja.wikipedia.org/wiki/橘橋","","","日本百名橋","箇条書き,制限あり","橘橋（たちばなばし）は、大淀川に架かる国道220号の橋であり宮崎県宮崎市の市街地を南北に結ぶ。"
"西田橋","西田橋（鹿児島県鹿児島市）","https://ja.wikipedia.org/wiki/西田橋","","","日本百名橋","箇条書き,制限あり",""
"天女橋","天女橋（沖縄県那覇市）","https://ja.wikipedia.org/wiki/天女橋","北緯26度13分6.6秒東経127度43分7.4秒","国: 日本;所在地: 沖縄県那覇市;交差物件: 円鑑池;建設: 1502年;座標: 北緯26度13分6.6秒東経127度43分7.4秒﻿ / ﻿北緯26.218500度 東経127.718722度﻿ / 26.218500; 127.718722﻿ (天女橋)座標: 北緯26度13分6.6秒東経127度43分7.4秒﻿ / ﻿北緯26.218500度 東経127.718722度﻿ / 26.218500; 127.718722﻿ (天女橋);形式: アーチ;材料: 琉球石灰岩;全長: 9.8m","日本百名橋","箇条書き,制限あり","円鑑池の中島にある弁財天堂へ渡る橋で、1502年（尚真王26年）に造られた、日本に現存する最古の石造アーチ橋である。沖縄の古いアーチ橋は、アーチを構成する石が4つまでと少なく、要石（キーストーン）と言える部分が存在しない。これは城（グスク）の門の石積みアーチ技術を使ったものとみられる。天女橋の東側には、国の重要文化財に指定された放生橋（円覚寺）がある。"
"上山市","上山・新橋（山形県上山市）","https://ja.wikipedia.org/wiki/上山市","北緯38度8分58.5秒東経140度16分4.3秒","国: 日本;地方: 東北地方;都道府県: 山形県;市町村コード: 06207-3;法人番号: 5000020062073;面積: 240.93km2（境界未定部分あり）;総人口: 28,816人 （推計人口、2021年6月1日）;人口密度: 120人/km2;隣接自治体: 山形市、南陽市、東置賜郡高畠町宮城県：柴田郡川崎町、刈田郡七ヶ宿町、蔵王町;市の木: アララギ;市の花: キク;市の鳥: コサギ;市長: 横戸長兵衛;所在地: 〒999-3192山形県上山市河崎一丁目1番10号北緯38度8分58.5秒東経140度16分4.3秒﻿ / ﻿北緯38.149583度 東経140.267861度﻿ / 38.149583; 140.267861;外部リンク: 公式ウェブサイト;3: 野の花;6: 蔵王;4: 創志会;2: 日本共産党議員団","日本百名橋","箇条書き,制限あり","山形県東部にある村山地方の最南端で、市の北側は県庁所在地である山形市と接する。国道13号やJR奥羽本線（山形線）が南北に走り、須川と前川の合流地点を中心に市街地が広がる。かみのやま温泉駅が市の中心駅で、在来線だけでなく山形新幹線が停車する。"
"真間の継橋","真間の継橋（千葉県市川市）","https://ja.wikipedia.org/wiki/真間の継橋","北緯35度44分16.9秒東経139度54分28.7秒","国: 日本;所在地: 千葉県市川市;交差物件: 水域なし;座標: 北緯35度44分16.9秒東経139度54分28.7秒﻿ / ﻿北緯35.738028度 東経139.907972度﻿ / 35.738028; 139.907972;形式: 橋に模した記念物","日本百名橋","箇条書き,制限あり","「真間の継橋」の名は万葉集に登場する。歌枕として知られた存在であった。"
"芦峅寺","芦峅寺布橋（富山県富山市）","https://ja.wikipedia.org/wiki/芦峅寺","北緯36度34分59秒東経137度23分33秒","国: 日本;都道府県: 富山県;郡: 中新川郡;市町村: 立山町;• 合計: 393人;等時帯: UTC+9(JST);郵便番号: 930-1406;市外局番: 076;ナンバープレート: 富山","日本百名橋","箇条書き,制限あり","芦峅寺の門前は、昔から優秀な山案内人や山小屋経営者を多数輩出してきた。江戸時代から立山信仰の拠点として栄え、戦後は山岳ガイドの集落として知られた。"
"木曽の桟","木曽の桟（長野県木曽郡上松町）","https://ja.wikipedia.org/wiki/木曽の桟","北緯35度48分25.8秒東経137度41分15.5秒","国: 日本;所在地: 長野県木曽郡上松町;交差物件: 木曽川;座標: 北緯35度48分25.8秒東経137度41分15.5秒﻿ / ﻿北緯35.807167度 東経137.687639度﻿ / 35.807167; 137.687639","日本百名橋","箇条書き,制限あり","木曽川沿いには、通行困難な断崖がいくつかあった。そのため断崖に差し込んだ丸太の上に板などをあてて通り道とした「桟道（さんどう）」を設けた。そのうちの「波計の桟（はばかりのかけはし）」は、福島宿と上松宿の間にあり、かつて、日本三奇橋の1つに数えられた。"
"無量寿寺 (知立市)","八橋（愛知県知立市）","https://ja.wikipedia.org/wiki/無量寿寺_(知立市)","北緯35度0分27.1秒東経137度4分32.69秒","所在地: 愛知県知立市八橋町寺内61番地1;位置: 北緯35度0分27.1秒東経137度4分32.69秒﻿ / ﻿北緯35.007528度 東経137.0757472度﻿ / 35.007528; 137.0757472;山号: 八橋山（やつはしざん）;宗派: 臨済宗妙心寺派;本尊: 聖観音;創建年: 伝・慶雲元年（704年）;開基: 不明;札所等: 三河新四国八十八ヶ所霊場4番;文化財: 方巌売茶竹製笈（県文化財）杜若姫供養塔・亀甲碑（八橋古碑）・芭蕉連句碑（市文化財）;法人番号: 5180305004772","日本百名橋","箇条書き,制限あり","無量寿寺の所在地である八橋は、平安時代の歌人在原業平が「からころも きつつなれにし つましあれば はるばるきぬる たびをしぞおもふ」と句頭に「かきつばた」の5文字をいれて詠んだように、伊勢物語の昔から知られるカキツバタの名勝地である。花札の5月の10点札「菖蒲と八ツ橋」（「杜若に八ツ橋」とも）は当地がモデルである。また、京都の銘菓八ツ橋は一説にはこの八橋にちなむとされる。"
"裁断橋","裁断橋（愛知県名古屋市熱田区）","https://ja.wikipedia.org/wiki/裁断橋","","","日本百名橋","箇条書き,制限あり",""
"飛鳥川 (奈良県)","飛鳥の石橋（奈良県高市郡明日香村）","https://ja.wikipedia.org/wiki/飛鳥川_(奈良県)","","水系: 一級水系大和川;種別: 一級河川;延長: 22 km;平均流量: -- m³/s;流域面積: 46 km²;水源: 高取山（奈良県）;水源の標高: 584 m;河口・合流先: 大和川（奈良県）;流域: 奈良県","日本百名橋","箇条書き,制限あり","明日香川とも綴る。流域は古代より開けた地で、古歌にもしばしば詠まれた。"
"橋杭岩","橋杭岩（和歌山県東牟婁郡串本町）","https://ja.wikipedia.org/wiki/橋杭岩","北緯33度29分17.2秒東経135度47分39.6秒","所在地: 〒649-3511和歌山県東牟婁郡串本町鬮野川1549;座標: 北緯33度29分17.2秒東経135度47分39.6秒﻿ / ﻿北緯33.488111度 東経135.794333度﻿ / 33.488111; 135.794333﻿ (道の駅くしもと橋杭岩);登録路線: 国道42号;登録回: 第39回 （30025）;登録日: 2013年3月27日;開駅日: 2013年4月27日;外部リンク: 国土交通省案内ページ全国道の駅連絡会ページ","日本百名橋","箇条書き,制限あり","橋杭岩は国道42号沿いに位置する観光スポットで附近には土産物屋なども数軒見られる。干物などを売る店もある。うすかわ饅頭は土産として有名である。"
"天橋立","天橋立（京都府宮津市）","https://ja.wikipedia.org/wiki/天橋立","北緯35度34分9.7秒東経135度11分29.5秒","","日本百名橋","箇条書き,制限あり",""
"古川町橋","行者橋（古川町橋）（京都府京都市東山区）","https://ja.wikipedia.org/wiki/古川町橋","北緯35度0分26.2秒東経135度46分41.3秒","国: 日本;所在地: 京都府京都市東山区;交差物件: 白川;建設: 1907年;座標: 北緯35度0分26.2秒東経135度46分41.3秒﻿ / ﻿北緯35.007278度 東経135.778139度﻿ / 35.007278; 135.778139;材料: 御影石;全長: 11.7m;幅: 60cm","日本百名橋","箇条書き,制限あり","今日ある橋は、1907年（明治40年）に架け替えられ（京都市橋梁台帳）、京都市の市道となっている。橋の北東には古川町商店街、南東には知恩院がある。白装束をまとった比叡山の行者が、千日回峰行の「京都大廻り」の時、この橋を渡ることで知られる。他にも、祇園祭の時は稚児が、粟田神社の祭りの時は氏子が渡る。"
"雪鯨橋","雪鯨橋（大阪府大阪市東淀川区）","https://ja.wikipedia.org/wiki/雪鯨橋","北緯34度44分57.2秒東経135度32分17.0秒","","日本百名橋","箇条書き,制限あり","雪鯨橋（せつげいきょう）は、大阪府大阪市東淀川区の瑞光2丁目にある瑞光寺境内の弘済池に架かる橋である。地元では「くじら橋」とも呼ばれる。"
"木の根橋","木の根橋（兵庫県丹波市）","https://ja.wikipedia.org/wiki/木の根橋","北緯35度7分47.3秒東経135度4分45.2秒","","日本百名橋","箇条書き,制限あり",""
"八十橋","八十橋（兵庫県加古川市）","https://ja.wikipedia.org/wiki/八十橋","北緯34度47分16.8秒東経134度51分0.7秒","国: 日本;所在地: 兵庫県加古川市;座標: 北緯34度47分16.8秒東経134度51分0.7秒﻿ / ﻿北緯34.788000度 東経134.850194度﻿ / 34.788000; 134.850194","日本百名橋","箇条書き,制限あり","『播磨国風土記』に斗形山（ますがたやま）の近くに八十橋という石橋があり、その橋をつかって八十人衆（やそびともろもろ）が天と行き来していたという記述がある。その斗形山は、兵庫県加古川市平荘湖の南側にある升田山ではないかとされる。升田山には溶結凝灰岩を御神体とする神社がある。"
"雄橋","雄橋（広島県庄原市）","https://ja.wikipedia.org/wiki/雄橋","北緯34度51分43.1秒東経133度12分23.0秒","","日本百名橋","箇条書き,制限あり",""
"縮景園","縮景園・跨虹橋（広島県広島市）","https://ja.wikipedia.org/wiki/縮景園","北緯34度23分59.0秒東経132度28分2.9秒","分類: 庭園（都市公園）;所在地: 広島県広島市中区上幟町2-11;座標: 北緯34度23分59.0秒東経132度28分2.9秒﻿ / ﻿北緯34.399722度 東経132.467472度﻿ / 34.399722; 132.467472座標: 北緯34度23分59.0秒東経132度28分2.9秒﻿ / ﻿北緯34.399722度 東経132.467472度﻿ / 34.399722; 132.467472;面積: 4.76 ha;開園: 元和6年（1620年）以降（藩邸として）昭和15年（1940年）（県の公園として）;年来園者数: 179,917 人（2010年度）;駐車場: なし;告示: 1956年4月20日（都市公園法）;備考: 1940年7月12日名勝指定;公式サイト: 縮景園;分類: 庭園（都市公園）;所在地: 広島県広島市中区上幟町2-11;座標: 北緯34度23分59.0秒東経132度28分2.9秒﻿ / ﻿北緯34.399722度 東経132.467472度﻿ / 34.399722; 132.467472座標: 北緯34度23分59.0秒東経132度28分2.9秒﻿ / ﻿北緯34.399722度 東経132.467472度﻿ / 34.399722; 132.467472;面積: 4.76 ha;開園: 元和6年（1620年）以降（藩邸として）昭和15年（1940年）（県の公園として）;年来園者数: 179,917 人（2010年度）;駐車場: なし;告示: 1956年4月20日（都市公園法）;備考: 1940年7月12日名勝指定;公式サイト: 縮景園;分類: 庭園（都市公園）;所在地: 広島県広島市中区上幟町2-11;座標: 北緯34度23分59.0秒東経132度28分2.9秒﻿ / ﻿北緯34.399722度 東経132.467472度﻿ / 34.399722; 132.467472座標: 北緯34度23分59.0秒東経132度28分2.9秒﻿ / ﻿北緯34.399722度 東経132.467472度﻿ / 34.399722; 132.467472;面積: 4.76 ha;開園: 元和6年（1620年）以降（藩邸として）昭和15年（1940年）（県の公園として）;年来園者数: 179,917 人（2010年度）;駐車場: なし;告示: 1956年4月20日（都市公園法）;備考: 1940年7月12日名勝指定;公式サイト: 縮景園","日本百名橋","箇条書き,制限あり","国の名勝、日本の歴史公園100選。施設は県が管理する。"
"表御殿庭園","表御殿庭園石橋（徳島県徳島市）","https://ja.wikipedia.org/wiki/表御殿庭園","北緯34度4分25.02秒東経134度33分21.93秒","","日本百名橋","箇条書き,制限あり",""
"ドイツ橋","独逸橋（徳島県鳴門市）","https://ja.wikipedia.org/wiki/ドイツ橋","北緯34度10分17.814秒東経134度30分07.056秒","国: 日本;所在地: 徳島県鳴門市大麻町板東（大麻比古神社境内）;交差物件: 板東谷川;設計者施工者: ドイツ人捕虜;建設: 1919年;座標: 北緯34度10分17.814秒東経134度30分07.056秒﻿ / ﻿北緯34.17161500度 東経134.50196000度﻿ / 34.17161500; 134.50196000﻿ (ドイツ橋)座標: 北緯34度10分17.814秒東経134度30分07.056秒﻿ / ﻿北緯34.17161500度 東経134.50196000度﻿ / 34.17161500; 134.50196000﻿ (ドイツ橋);形式: 石造アーチ橋;材料: 和泉砂岩;全長: 9.0m;幅: 2.1m;高さ: 3.2m;最大支間長: アーチ部径間1.6m","日本百名橋","箇条書き,制限あり","徳島県文化財史跡指定・日本百名橋・とくしま88景選定。ドイツ橋一帯は大麻山県立自然公園となっている。"
"屋根付橋","弓削神社 太鼓橋（愛媛県喜多郡内子町）","https://ja.wikipedia.org/wiki/屋根付橋","","","日本百名橋","箇条書き,制限あり",""
"霊台橋","霊台橋（熊本県下益城郡美里町）","https://ja.wikipedia.org/wiki/霊台橋","北緯32度37分45.3秒東経130度53分18秒","国: 日本;所在地: 熊本県下益城郡美里町清水・美里町豊富船津;交差物件: 緑川;設計者施工者: -種山卯助ら石工72人。大工の万助、伴七。;建設: 1846年（弘化3年）着工1847年（弘化4年）竣工;座標: 北緯32度37分45.3秒東経130度53分18秒﻿ / ﻿北緯32.629250度 東経130.88833度﻿ / 32.629250; 130.88833;形式: 単アーチ;材料: 石材;全長: 89.86m;幅: 5.45m;高さ: 16.32m;最大支間長: 28.3m","日本百名橋","箇条書き,制限あり","明治以前に竣工した石橋として日本最大のアーチ径間を誇り、大正、昭和時代の石橋を含めても日本で三番目に大きい。また、単一アーチ石橋として熊本県で最も大きい。"
"池田矼","池田矼（沖縄県宮古島市）","https://ja.wikipedia.org/wiki/池田矼","北緯24度45分11.7秒東経125度17分7.8秒","国: 日本;所在地: 沖縄県宮古島市;交差物件: 崎田川;座標: 北緯24度45分11.7秒東経125度17分7.8秒﻿ / ﻿北緯24.753250度 東経125.285500度﻿ / 24.753250; 125.285500;形式: アーチ;材料: 石灰岩;全長: 10m;幅: 3m強","日本百名橋","箇条書き,制限あり","琉球石灰岩をアーチ型に積み上げて造った石灰岩アーチ橋で、先島諸島ではその唯一の例である。すぐそばに国道390号の崎田橋がある。"
