"タイトル","コメント","URLアドレス","座標","詳細情報","親リスト","一覧抽出方法"
"高田松原","高田松原（岩手県）","https://ja.wikipedia.org/wiki/高田松原","","","日本百景","箇条書き"
"男鹿半島","男鹿半島（秋田県）","https://ja.wikipedia.org/wiki/男鹿半島","","","日本百景","箇条書き"
"石巻市","石巻海岸（宮城県）","https://ja.wikipedia.org/wiki/石巻市","北緯38度26分3.3秒東経141度18分9.8秒","国: 日本;地方: 東北地方;都道府県: 宮城県;市町村コード: 04202-1;法人番号: 1000020042021;面積: 554.58km2;総人口: 138,314人 [編集]（推計人口、2021年4月1日）;人口密度: 249人/km2;隣接自治体: 東松島市、登米市、遠田郡涌谷町、美里町、牡鹿郡女川町、本吉郡南三陸町;市の木: クロマツ;市の花: ツツジ;他のシンボル: -;市長: [編集]斎藤正美;所在地: 〒986-8501宮城県石巻市穀町14番1号北緯38度26分3.3秒東経141度18分9.8秒市庁舎位置;外部リンク: 公式ウェブサイト;最高気温記録 °C（°F）: 15.2(59.4);平均最高気温 °C（°F）: 4.8(40.6);日平均気温 °C（°F）: 1.0(33.8);平均最低気温 °C（°F）: −2.2(28);最低気温記録 °C（°F）: −14.6(5.7);降水量mm （inch）: 38.8(1.528);降雪量cm （inch）: 17(6.7);平均降水日数 （≥0.5 mm）: 6.5;平均降雪日数: 18.7;% 湿度: 71;平均月間日照時間: 163.8;廃止日: 2005年4月1日;廃止理由: 新設合併石巻市（旧）、桃生郡桃生町、河南町、河北町、北上町、雄勝町、牡鹿郡牡鹿町→ 石巻市（新）;現在の自治体: 石巻市（新）;国:  日本;地方: 東北地方;都道府県: 宮城県;面積: 137.04km2.;隣接自治体: 桃生郡河南町、河北町、矢本町、牡鹿郡女川町、牡鹿町;所在地: 宮城県宮城県石巻市日和が丘1-1-1;国: 日本;地方: 東北地方;都道府県: 宮城県;市町村コード: 04202-1;法人番号: 1000020042021;面積: 554.58km2;総人口: 138,314人 [編集]（推計人口、2021年4月1日）;人口密度: 249人/km2;隣接自治体: 東松島市、登米市、遠田郡涌谷町、美里町、牡鹿郡女川町、本吉郡南三陸町;市の木: クロマツ;市の花: ツツジ;他のシンボル: -;市長: [編集]斎藤正美;所在地: 〒986-8501宮城県石巻市穀町14番1号北緯38度26分3.3秒東経141度18分9.8秒市庁舎位置;外部リンク: 公式ウェブサイト;最高気温記録 °C（°F）: 15.2(59.4);平均最高気温 °C（°F）: 4.8(40.6);日平均気温 °C（°F）: 1.0(33.8);平均最低気温 °C（°F）: −2.2(28);最低気温記録 °C（°F）: −14.6(5.7);降水量mm （inch）: 38.8(1.528);降雪量cm （inch）: 17(6.7);平均降水日数 （≥0.5 mm）: 6.5;平均降雪日数: 18.7;% 湿度: 71;平均月間日照時間: 163.8;廃止日: 2005年4月1日;廃止理由: 新設合併石巻市（旧）、桃生郡桃生町、河南町、河北町、北上町、雄勝町、牡鹿郡牡鹿町→ 石巻市（新）;現在の自治体: 石巻市（新）;国:  日本;地方: 東北地方;都道府県: 宮城県;面積: 137.04km2.;隣接自治体: 桃生郡河南町、河北町、矢本町、牡鹿郡女川町、牡鹿町;所在地: 宮城県宮城県石巻市日和が丘1-1-1","日本百景","箇条書き"
"気仙沼湾","気仙沼湾（宮城県）","https://ja.wikipedia.org/wiki/気仙沼湾","","","日本百景","箇条書き"
"新舞子ビーチ","新舞子（福島県）","https://ja.wikipedia.org/wiki/新舞子ビーチ","","","日本百景","箇条書き"
"松川浦","松川浦（福島県）","https://ja.wikipedia.org/wiki/松川浦","北緯37度48分00秒東経140度58分40秒","所在地: 日本福島県相馬市;位置: 北緯37度48分00秒東経140度58分40秒﻿ / ﻿北緯37.80000度 東経140.97778度﻿ / 37.80000; 140.97778座標: 北緯37度48分00秒東経140度58分40秒﻿ / ﻿北緯37.80000度 東経140.97778度﻿ / 37.80000; 140.97778;面積: 6.06[1]km2;周囲長: 23 km;最大水深: 5.5 m;平均水深: 約1 m;貯水量: -- km3;水面の標高: 0 m;成因: 海跡湖;淡水・汽水: 汽水;湖沼型: 富栄養湖;透明度: 1.2 m","日本百景","箇条書き"
"館山湾","鏡ヶ浦（千葉県）","https://ja.wikipedia.org/wiki/館山湾","","","日本百景","箇条書き"
"江の島","江の島（神奈川県）","https://ja.wikipedia.org/wiki/江の島","北緯35度18分0秒東経139度28分50秒","所在地: 日本神奈川県藤沢市;所在海域: 太平洋相模湾;座標: 北緯35度18分0秒東経139度28分50秒﻿ / ﻿北緯35.30000度 東経139.48056度﻿ / 35.30000; 139.48056座標: 北緯35度18分0秒東経139度28分50秒﻿ / ﻿北緯35.30000度 東経139.48056度﻿ / 35.30000; 139.48056;面積: 0.41 km²;海岸線長: 4 km;最高標高: 60.4 m;国: 日本;都道府県: 神奈川県;市町村: 藤沢市;地区: 片瀬地区;• 合計: 0.41km2;• 合計: 354人;等時帯: UTC+9(日本標準時);郵便番号: 251-0036[3];市外局番: 0466 (藤沢MA)[4];ナンバープレート: 湘南;所在地: 日本神奈川県藤沢市;所在海域: 太平洋相模湾;座標: 北緯35度18分0秒東経139度28分50秒﻿ / ﻿北緯35.30000度 東経139.48056度﻿ / 35.30000; 139.48056座標: 北緯35度18分0秒東経139度28分50秒﻿ / ﻿北緯35.30000度 東経139.48056度﻿ / 35.30000; 139.48056;面積: 0.41 km²;海岸線長: 4 km;最高標高: 60.4 m;国: 日本;都道府県: 神奈川県;市町村: 藤沢市;地区: 片瀬地区;• 合計: 0.41km2;• 合計: 354人;等時帯: UTC+9(日本標準時);郵便番号: 251-0036[3];市外局番: 0466 (藤沢MA)[4];ナンバープレート: 湘南","日本百景","箇条書き"
"駿河湾","沼津湾（千本松原静浦）（静岡県）","https://ja.wikipedia.org/wiki/駿河湾","","","日本百景","箇条書き"
"笹川流れ","笹川流（新潟県）","https://ja.wikipedia.org/wiki/笹川流れ","","","日本百景","箇条書き"
"九十九湾","九十九湾（石川県）","https://ja.wikipedia.org/wiki/九十九湾","","","日本百景","箇条書き"
"蒲郡市","蒲郡海岸（愛知県）","https://ja.wikipedia.org/wiki/蒲郡市","北緯34度49分35秒東経137度13分10.5秒","国: 日本;地方: 中部地方、東海地方;都道府県: 愛知県;市町村コード: 23214-9;法人番号: 3000020232149;面積: 56.92km2;総人口: 79,280人 [編集]（推計人口、2021年3月1日）;人口密度: 1,393人/km2;隣接自治体: 岡崎市、豊川市、西尾市、額田郡幸田町;市の木: クス;市の花: ツツジ;市長: [編集]鈴木寿明;所在地: 〒443-8601愛知県蒲郡市旭町17番1号北緯34度49分35秒東経137度13分10.5秒市庁舎位置;外部リンク: 公式ウェブサイト","日本百景","箇条書き"
"七里御浜","御浜鬼ヶ城（三重県）","https://ja.wikipedia.org/wiki/七里御浜","","","日本百景","箇条書き"
"鳥羽港","鳥羽湾（三重県）","https://ja.wikipedia.org/wiki/鳥羽港","","","日本百景","箇条書き"
"御崎","赤穂御崎（兵庫県）","https://ja.wikipedia.org/wiki/御崎","","","日本百景","箇条書き"
"浦富海岸","浦富海岸（鳥取県）","https://ja.wikipedia.org/wiki/浦富海岸","","","日本百景","箇条書き"
"下津井","下津井海岸（岡山県）","https://ja.wikipedia.org/wiki/下津井","北緯34度26分12.4秒東経133度48分2.5秒","国: 日本;地方: 中国地方、山陽地方中国・四国地方;都道府県: 岡山県;自治体: 倉敷市;旧自治体: 児島郡下津井町;面積: 6.3km²;世帯数: 2,337世帯;総人口: 5,562人（住民基本台帳、2012年3月30日現在）;人口密度: 882.86人/km²;所在地: 〒711-0926岡山県倉敷市下津井吹上二丁目1-18;大畠: 10;大畠1丁目: 314;大畠2丁目: 268;下津井田之浦: 1;下津井田之浦1丁目: 249;下津井田之浦2丁目: 176;下津井吹上: 29;下津井吹上1丁目: 204;下津井吹上2丁目: 162;下津井: 86;下津井1丁目: 269;下津井2丁目: 177;下津井3丁目: 159;下津井4丁目: 145;下津井5丁目: 136;総計: 2385;廃止日: 1948年4月1日;廃止理由: 新設合併下津井町、味野町、児島町、本荘村 → 児島市（初代）;現在の自治体: 倉敷市;国:  日本;地方: 中国地方、山陽地方中国・四国地方;都道府県: 岡山県;郡: 児島郡;隣接自治体: 児島郡味野町、本荘村;所在地: 岡山県児島郡下津井町;座標: 北緯34度26分12.4秒東経133度48分2.5秒﻿ / ﻿北緯34.436778度 東経133.800694度﻿ / 34.436778; 133.800694﻿ (下津井町);国: 日本;地方: 中国地方、山陽地方中国・四国地方;都道府県: 岡山県;自治体: 倉敷市;旧自治体: 児島郡下津井町;面積: 6.3km²;世帯数: 2,337世帯;総人口: 5,562人（住民基本台帳、2012年3月30日現在）;人口密度: 882.86人/km²;所在地: 〒711-0926岡山県倉敷市下津井吹上二丁目1-18;大畠: 10;大畠1丁目: 314;大畠2丁目: 268;下津井田之浦: 1;下津井田之浦1丁目: 249;下津井田之浦2丁目: 176;下津井吹上: 29;下津井吹上1丁目: 204;下津井吹上2丁目: 162;下津井: 86;下津井1丁目: 269;下津井2丁目: 177;下津井3丁目: 159;下津井4丁目: 145;下津井5丁目: 136;総計: 2385;廃止日: 1948年4月1日;廃止理由: 新設合併下津井町、味野町、児島町、本荘村 → 児島市（初代）;現在の自治体: 倉敷市;国:  日本;地方: 中国地方、山陽地方中国・四国地方;都道府県: 岡山県;郡: 児島郡;隣接自治体: 児島郡味野町、本荘村;所在地: 岡山県児島郡下津井町;座標: 北緯34度26分12.4秒東経133度48分2.5秒﻿ / ﻿北緯34.436778度 東経133.800694度﻿ / 34.436778; 133.800694﻿ (下津井町)","日本百景","箇条書き"
"忠海","忠海海岸（広島県）","https://ja.wikipedia.org/wiki/忠海","","","日本百景","箇条書き"
"青海島","青海島（山口県）","https://ja.wikipedia.org/wiki/青海島","北緯34度25分44.2秒東経131度13分19.8秒","所在地: 日本山口県長門市;所在海域: 日本海;座標: 北緯34度25分44.2秒東経131度13分19.8秒﻿ / ﻿北緯34.428944度 東経131.222167度﻿ / 34.428944; 131.222167座標: 北緯34度25分44.2秒東経131度13分19.8秒﻿ / ﻿北緯34.428944度 東経131.222167度﻿ / 34.428944; 131.222167;面積: 14 km²;海岸線長: 約40 km;最高標高: 319.9 m","日本百景","箇条書き"
"室積海岸","室積湾（山口県）","https://ja.wikipedia.org/wiki/室積海岸","","","日本百景","箇条書き"
"鳴門海峡","鳴門（徳島県）","https://ja.wikipedia.org/wiki/鳴門海峡","","","日本百景","箇条書き"
"唐津市","唐津松浦潟（佐賀県）","https://ja.wikipedia.org/wiki/唐津市","北緯33度27分00.3秒東経129度58分05.7秒","国: 日本;地方: 九州地方;都道府県: 佐賀県;市町村コード: 41202-3;法人番号: 3000020412023;面積: 487.59km2;総人口: 115,631人 [編集]（推計人口、2021年4月1日）;人口密度: 237人/km2;隣接自治体: 佐賀市、伊万里市、多久市、武雄市東松浦郡玄海町福岡県糸島市長崎県：壱岐市、松浦市;市の木: 松;市の花: 藤;市長: [編集]峰達郎;所在地: 〒847-8511佐賀県唐津市西城内1番1号北緯33度27分00.3秒東経129度58分05.7秒座標: 北緯33度27分00.3秒 東経129度58分05.7秒;外部リンク: 公式ウェブサイト;特記事項: 市外局番0955;インペリアル換算: インペリアル換算123456789101112  3.1 4736  3.2 4737  5.5 5342  5.6 6249  6.7 7056  12 8067  13 8272  8.4 8473  9.1 7767  3.5 6957  4.1 6048  2.2 5140気温（°F）総降水量（in）;（旧唐津市）: 127.49;浜玉町: 052.13;七山: 062.89;北波多: 026.58;相知町: 065.08;厳木町: 061.27;肥前町: 046.64;呼子町: 007.28;鎮西町: 037.89;計: 487.48;廃止日: 2005年1月1日;廃止理由: 新設合併唐津市、浜玉町、厳木町、相知町、北波多村、肥前町、鎮西町、呼子町→唐津市;現在の自治体: 唐津市;国:  日本;地方: 九州地方;都道府県: 佐賀県;市町村コード: 41202-3;隣接自治体: 伊万里市、東松浦郡肥前町、鎮西町、呼子町、玄海町、相知町、北波多村、浜玉町;所在地: 佐賀県唐津市;国: 日本;地方: 九州地方;都道府県: 佐賀県;市町村コード: 41202-3;法人番号: 3000020412023;面積: 487.59km2;総人口: 115,631人 [編集]（推計人口、2021年4月1日）;人口密度: 237人/km2;隣接自治体: 佐賀市、伊万里市、多久市、武雄市東松浦郡玄海町福岡県糸島市長崎県：壱岐市、松浦市;市の木: 松;市の花: 藤;市長: [編集]峰達郎;所在地: 〒847-8511佐賀県唐津市西城内1番1号北緯33度27分00.3秒東経129度58分05.7秒座標: 北緯33度27分00.3秒 東経129度58分05.7秒;外部リンク: 公式ウェブサイト;特記事項: 市外局番0955;インペリアル換算: インペリアル換算123456789101112  3.1 4736  3.2 4737  5.5 5342  5.6 6249  6.7 7056  12 8067  13 8272  8.4 8473  9.1 7767  3.5 6957  4.1 6048  2.2 5140気温（°F）総降水量（in）;（旧唐津市）: 127.49;浜玉町: 052.13;七山: 062.89;北波多: 026.58;相知町: 065.08;厳木町: 061.27;肥前町: 046.64;呼子町: 007.28;鎮西町: 037.89;計: 487.48;廃止日: 2005年1月1日;廃止理由: 新設合併唐津市、浜玉町、厳木町、相知町、北波多村、肥前町、鎮西町、呼子町→唐津市;現在の自治体: 唐津市;国:  日本;地方: 九州地方;都道府県: 佐賀県;市町村コード: 41202-3;隣接自治体: 伊万里市、東松浦郡肥前町、鎮西町、呼子町、玄海町、相知町、北波多村、浜玉町;所在地: 佐賀県唐津市;国: 日本;地方: 九州地方;都道府県: 佐賀県;市町村コード: 41202-3;法人番号: 3000020412023;面積: 487.59km2;総人口: 115,631人 [編集]（推計人口、2021年4月1日）;人口密度: 237人/km2;隣接自治体: 佐賀市、伊万里市、多久市、武雄市東松浦郡玄海町福岡県糸島市長崎県：壱岐市、松浦市;市の木: 松;市の花: 藤;市長: [編集]峰達郎;所在地: 〒847-8511佐賀県唐津市西城内1番1号北緯33度27分00.3秒東経129度58分05.7秒座標: 北緯33度27分00.3秒 東経129度58分05.7秒;外部リンク: 公式ウェブサイト;特記事項: 市外局番0955;インペリアル換算: インペリアル換算123456789101112  3.1 4736  3.2 4737  5.5 5342  5.6 6249  6.7 7056  12 8067  13 8272  8.4 8473  9.1 7767  3.5 6957  4.1 6048  2.2 5140気温（°F）総降水量（in）;（旧唐津市）: 127.49;浜玉町: 052.13;七山: 062.89;北波多: 026.58;相知町: 065.08;厳木町: 061.27;肥前町: 046.64;呼子町: 007.28;鎮西町: 037.89;計: 487.48;廃止日: 2005年1月1日;廃止理由: 新設合併唐津市、浜玉町、厳木町、相知町、北波多村、肥前町、鎮西町、呼子町→唐津市;現在の自治体: 唐津市;国:  日本;地方: 九州地方;都道府県: 佐賀県;市町村コード: 41202-3;隣接自治体: 伊万里市、東松浦郡肥前町、鎮西町、呼子町、玄海町、相知町、北波多村、浜玉町;所在地: 佐賀県唐津市","日本百景","箇条書き"
"九十九島 (西海国立公園)","九十九島（長崎県）","https://ja.wikipedia.org/wiki/九十九島_(西海国立公園)","","","日本百景","箇条書き"
"鹿児島湾","錦江湾（鹿児島県）","https://ja.wikipedia.org/wiki/鹿児島湾","","","日本百景","箇条書き"
"菅沼 (群馬県)","菅沼（群馬県）","https://ja.wikipedia.org/wiki/菅沼_(群馬県)","北緯36度49分40.03秒東経139度21分50.06秒","所在地: 群馬県利根郡片品村;位置: 北緯36度49分40.03秒東経139度21分50.06秒﻿ / ﻿北緯36.8277861度 東経139.3639056度﻿ / 36.8277861; 139.3639056座標: 北緯36度49分40.03秒東経139度21分50.06秒﻿ / ﻿北緯36.8277861度 東経139.3639056度﻿ / 36.8277861; 139.3639056;面積: 0.77[1]km2;周囲長: 6.5[1]km;最大水深: 75[1]m;水面の標高: 1,731[1]m;成因: 堰止湖[2];淡水・汽水: 淡水;湖沼型: 貧栄養湖[1];透明度: 13.2[3]m","日本百景","箇条書き"
"宍道湖","宍道湖（島根県）","https://ja.wikipedia.org/wiki/宍道湖","北緯35度27分東経132度58分","所在地: 日本島根県松江市、出雲市;位置: 北緯35度27分東経132度58分﻿ / ﻿北緯35.45度 東経132.97度﻿ / 35.45; 132.97座標: 北緯35度27分東経132度58分﻿ / ﻿北緯35.45度 東経132.97度﻿ / 35.45; 132.97;面積: 79.25[1]km2;周囲長: 47 km;最大水深: 6.4 m;平均水深: 4.5 m;貯水量: 0.34 km3;水面の標高: 0 m;成因: 海跡湖;淡水・汽水: 汽水;湖沼型: 富栄養湖;透明度: 1.0 m","日本百景","箇条書き"
"加茂湖","加茂湖（新潟県）","https://ja.wikipedia.org/wiki/加茂湖","","所在地: 日本新潟県佐渡市;面積: 4.85 km2;周囲長: 17 km;淡水・汽水: 汽水","日本百景","箇条書き"
"田沢湖","田沢湖（秋田県）","https://ja.wikipedia.org/wiki/田沢湖","北緯39度43分30秒東経140度39分41秒","所在地: 日本秋田県仙北市;位置: 北緯39度43分30秒東経140度39分41秒﻿ / ﻿北緯39.72500度 東経140.66139度﻿ / 39.72500; 140.66139座標: 北緯39度43分30秒東経140度39分41秒﻿ / ﻿北緯39.72500度 東経140.66139度﻿ / 39.72500; 140.66139;面積: 25.75[1]km2;周囲長: 20 km;最大水深: 423.4 m;平均水深: 280.0 m;貯水量: 7.20 km3;水面の標高: 249 m;成因: カルデラ[2];淡水・汽水: 淡水;湖沼型: 酸栄養湖;透明度: 4.0 m","日本百景","箇条書き"
"一碧湖","一碧湖（静岡県）","https://ja.wikipedia.org/wiki/一碧湖","北緯34度55分46秒東経139度6分20秒","所在地: 静岡県伊東市吉田;位置: 北緯34度55分46秒東経139度6分20秒﻿ / ﻿北緯34.92944度 東経139.10556度﻿ / 34.92944; 139.10556座標: 北緯34度55分46秒東経139度6分20秒﻿ / ﻿北緯34.92944度 東経139.10556度﻿ / 34.92944; 139.10556;面積: 0.23[1]km2;周囲長: 3.7[1]km;最大水深: 7[1]m;平均水深: 2.2[1]m;水面の標高: 185[1]m;成因: マール[注釈 1];淡水・汽水: 淡水[1];透明度: 2.5[1]m;所在地: 静岡県伊東市吉田;位置: 北緯34度55分46秒東経139度6分20秒﻿ / ﻿北緯34.92944度 東経139.10556度﻿ / 34.92944; 139.10556座標: 北緯34度55分46秒東経139度6分20秒﻿ / ﻿北緯34.92944度 東経139.10556度﻿ / 34.92944; 139.10556;面積: 0.23[1]km2;周囲長: 3.7[1]km;最大水深: 7[1]m;平均水深: 2.2[1]m;水面の標高: 185[1]m;成因: マール[注釈 1];淡水・汽水: 淡水[1];透明度: 2.5[1]m","日本百景","箇条書き"
"洞爺湖","洞爺湖（北海道）","https://ja.wikipedia.org/wiki/洞爺湖","北緯42度35分0秒東経140度51分0秒","所在地: 北海道（胆振総合振興局）北緯42度35分0秒東経140度51分0秒﻿ / ﻿北緯42.58333度 東経140.85000度﻿ / 42.58333; 140.85000﻿ (洞爺湖)洞爺湖- 地理院地図洞爺湖- Google マップ洞爺湖の位置北海道南部の地図を表示洞爺湖の位置北海道の地図を表示洞爺湖の位置日本の地図を表示;面積: 70.72[1]km2;周囲長: 50 km;最大水深: 180.0 m;平均水深: 117.0 m;貯水量: 8.19 km3;水面の標高: 84 m;成因: カルデラ湖;淡水・汽水: 淡水;湖沼型: 貧栄養湖;透明度: 10.0 m","日本百景","箇条書き"
"霞ヶ浦","霞ヶ浦（茨城県）","https://ja.wikipedia.org/wiki/霞ヶ浦","北緯36度0分0秒東経140度25分0秒","所在地: 茨城県10市1町1村、千葉県1市[1];位置: 北緯36度0分0秒東経140度25分0秒﻿ / ﻿北緯36.00000度 東経140.41667度﻿ / 36.00000; 140.41667座標: 北緯36度0分0秒東経140度25分0秒﻿ / ﻿北緯36.00000度 東経140.41667度﻿ / 36.00000; 140.41667;面積: 220 km2;周囲長: 249.5 km;最大水深: 7.1 m;平均水深: 4 m;貯水量: 0.85 km3;水面の標高: 0 m;成因: 海跡湖;淡水・汽水: 淡水;湖沼型: 過栄養湖;透明度: 0.6 m","日本百景","箇条書き"
"猪苗代湖","猪苗代湖（福島県）","https://ja.wikipedia.org/wiki/猪苗代湖","北緯37度29分東経140度06分","所在地: 日本福島県会津若松市・郡山市・耶麻郡猪苗代町;位置: 北緯37度29分東経140度06分﻿ / ﻿北緯37.483度 東経140.100度﻿ / 37.483; 140.100座標: 北緯37度29分東経140度06分﻿ / ﻿北緯37.483度 東経140.100度﻿ / 37.483; 140.100;面積: 103.24[1]km2;周囲長: 49[2]km;最大水深: 94.6[3][4][2]m;平均水深: 51.5[3]m;貯水量: 5.40 km3;水面の標高: 514[3][2][4]m;成因: 構造湖[4]（断層湖）;淡水・汽水: 淡水[4];湖沼型: 酸栄養湖;透明度: 12.0 m","日本百景","箇条書き"
"中禅寺湖","中禅寺湖（栃木県）","https://ja.wikipedia.org/wiki/中禅寺湖","北緯36度44分26秒東経139度27分44秒","所在地: 日本栃木県日光市;位置: 北緯36度44分26秒東経139度27分44秒﻿ / ﻿北緯36.74056度 東経139.46222度﻿ / 36.74056; 139.46222座標: 北緯36度44分26秒東経139度27分44秒﻿ / ﻿北緯36.74056度 東経139.46222度﻿ / 36.74056; 139.46222;面積: 11.90[1]km2;周囲長: 25 km;最大水深: 163 m;水面の標高: 1,269 m;成因: 堰止湖;淡水・汽水: 淡水;湖沼型: 貧栄養湖;透明度: 9.0 m","日本百景","箇条書き"
"尾瀬沼","尾瀬沼（群馬県）","https://ja.wikipedia.org/wiki/尾瀬沼","","","日本百景","箇条書き"
"鳥海山","鳥海山（秋田県・山形県）","https://ja.wikipedia.org/wiki/鳥海山","北緯39度05分57秒東経140度02分56秒","標高: 2,236[1]m;所在地: 日本山形県飽海郡遊佐町・酒田市・秋田県由利本荘市・にかほ市;位置: 北緯39度05分57秒東経140度02分56秒座標: 北緯39度05分57秒 東経140度02分56秒[2];山系: 出羽山地;種類: 成層火山","日本百景","箇条書き"
"霊山 (福島県)","霊山（福島県）","https://ja.wikipedia.org/wiki/霊山_(福島県)","北緯37度46分08秒東経140度41分15秒","標高: 825 m;所在地: 日本福島県伊達市・相馬市;位置: 北緯37度46分08秒東経140度41分15秒座標: 北緯37度46分08秒 東経140度41分15秒;山系: 阿武隈高地","日本百景","箇条書き"
"筑波山","筑波山（茨城県）","https://ja.wikipedia.org/wiki/筑波山","北緯36度13分31秒東経140度6分24秒","標高: 877 m;所在地: 日本茨城県つくば市;位置: 北緯36度13分31秒東経140度6分24秒﻿ / ﻿北緯36.22528度 東経140.10667度﻿ / 36.22528; 140.10667座標: 北緯36度13分31秒東経140度6分24秒﻿ / ﻿北緯36.22528度 東経140.10667度﻿ / 36.22528; 140.10667;山系: 八溝山地;種類: 堅牢残丘;表筑波: 御幸ヶ原コース;裏筑波: 深峰遊歩道（旧ユースホステルコース）;山頂: 山頂連絡路","日本百景","箇条書き"
"赤城山","赤城山（群馬県）","https://ja.wikipedia.org/wiki/赤城山","北緯36度33分39秒東経139度11分37秒","標高: 1,827.6 m;所在地: 日本群馬県前橋市・桐生市・渋川市・沼田市・利根郡昭和村;位置: 北緯36度33分39秒東経139度11分37秒﻿ / ﻿北緯36.5608度 東経139.1936度﻿ / 36.5608; 139.1936座標: 北緯36度33分39秒東経139度11分37秒﻿ / ﻿北緯36.5608度 東経139.1936度﻿ / 36.5608; 139.1936;山系: 独立峰;種類: 複成火山（活火山ランクC）","日本百景","箇条書き"
"妙義山","妙義山（群馬県）","https://ja.wikipedia.org/wiki/妙義山","北緯36度17分55秒東経138度44分56秒","標高: 1,103.8 m;所在地: 群馬県甘楽郡下仁田町・富岡市・安中市;位置: 北緯36度17分55秒東経138度44分56秒座標: 北緯36度17分55秒 東経138度44分56秒","日本百景","箇条書き"
"清澄寺 (鴨川市)","清澄山（千葉県）","https://ja.wikipedia.org/wiki/清澄寺_(鴨川市)","北緯35度9分39.4秒東経140度9分5秒","所在地: 千葉県鴨川市清澄322-1;位置: 北緯35度9分39.4秒東経140度9分5秒座標: 北緯35度9分39.4秒 東経140度9分5秒;山号: 千光山;宗派: 日蓮宗;寺格: 大本山（霊蹟寺院）;本尊: 十界曼荼羅;創建年: 伝 771年（宝亀2年）;開山: 伝 不思議法師;正式名: 千光山清澄寺;札所等: 安房国札三十四観音霊場17番東国花の寺百ヶ寺千葉11番;文化財: 清澄寺中門 他;公式HP: 大本山清澄寺オフィシャルサイト;法人番号: 1040005015856","日本百景","箇条書き"
"高尾山","高尾山（東京都）","https://ja.wikipedia.org/wiki/高尾山","北緯35度37分31秒東経139度14分37秒","標高: 599.3[1]m;所在地: 日本東京都八王子市高尾町;位置: 北緯35度37分31秒東経139度14分37秒座標: 北緯35度37分31秒 東経139度14分37秒;山系: 関東山地（秩父山地）;番号: 番号和名科名1アカコミヤマスミレスミレ科2アケボノミヤマシキミミカン科3アケボノオオフジイバラバラ科4アサカワソウイネ科5アズマナシバラ科6イトホロシナス科7ウスゲヌスビトハギマメ科8ウスベニアカショウマユキノシタ科9ウスベニニリンソウキンポウゲ科10エダウチミゾシダオシダ科11オオツクバネガシブナ科12オオツルウメモドキニシキギ科13オンガタイノデオシダ科14オンガタヒゴタイキク科15キイロミミガタテンナンショウサトイモ科16キランニシキゴロモシソ科17ケタニタデアカバナ科18ケヒメカンスゲカヤツリグサ科19コボトケスミレスミレ科20サツキヒナノウスツボゴマノハグサ科21シロバナオオジャノヒゲユリ科22シロバナヒナスミレスミレ科23シロバナフクシマシャジンキキョウ科24シロミノアオキミズキ科25ジンバイカリソウメギ科26ジンバホウチャクソウユリ科27タカオイノデオシダ科28タカオコバノガマズミスイカズラ科29タカオシケチシダオシダ科30タカオスゲカヤツリグサ科31タカオスミレスミレ科32タカオヒゴタイキク科","日本百景","箇条書き"
"甲斐駒ヶ岳","駒ヶ岳（山梨県・長野県）","https://ja.wikipedia.org/wiki/甲斐駒ヶ岳","北緯35度45分28秒東経138度14分12秒","標高: 2,967 m;所在地: 山梨県北杜市、長野県伊那市;位置: 北緯35度45分28秒東経138度14分12秒座標: 北緯35度45分28秒 東経138度14分12秒;山系: 赤石山脈;種類: 隆起（花崗岩）;初登頂: 1818年（小尾権三郎が開山）","日本百景","箇条書き"
"朝熊山","朝熊山（三重県）","https://ja.wikipedia.org/wiki/朝熊山","北緯34度27分40秒東経136度46分54秒","標高: 555 m;所在地: 日本三重県伊勢市・鳥羽市;位置: 北緯34度27分40秒東経136度46分54秒座標: 北緯34度27分40秒 東経136度46分54秒;山系: 紀伊山地（朝熊山地）","日本百景","箇条書き"
"大台ヶ原山","大台ヶ原山（奈良県）","https://ja.wikipedia.org/wiki/大台ヶ原山","北緯34度11分7秒東経136度6分33秒","標高: 1,695.1 m;所在地: 奈良県吉野郡上北山村、川上村、三重県多気郡大台町;位置: 北緯34度11分7秒東経136度6分33秒﻿ / ﻿北緯34.18528度 東経136.10917度﻿ / 34.18528; 136.10917座標: 北緯34度11分7秒東経136度6分33秒﻿ / ﻿北緯34.18528度 東経136.10917度﻿ / 34.18528; 136.10917;山系: 台高山脈;種類: 隆起準平原","日本百景","箇条書き"
"信貴山","信貴山（奈良県）","https://ja.wikipedia.org/wiki/信貴山","北緯34度36分46秒東経135度40分06秒","標高: 437 m;所在地: 奈良県生駒郡平群町;位置: 北緯34度36分46秒東経135度40分06秒;山系: 生駒山地","日本百景","箇条書き"
"雪彦山","雪彦山（兵庫県）","https://ja.wikipedia.org/wiki/雪彦山","北緯35度4分0秒東経134度39分0秒","標高: 915.2 m;所在地: 兵庫県姫路市;位置: 北緯35度4分0秒東経134度39分0秒﻿ / ﻿北緯35.06667度 東経134.65000度﻿ / 35.06667; 134.65000座標: 北緯35度4分0秒東経134度39分0秒﻿ / ﻿北緯35.06667度 東経134.65000度﻿ / 35.06667; 134.65000;山系: 中国山地;種類: 火山岩頸","日本百景","箇条書き"
"先山","淡路先山（兵庫県）","https://ja.wikipedia.org/wiki/先山","北緯34度21分27.75秒東経134度50分19.26秒","標高: 448 m;所在地: 兵庫県洲本市;位置: 北緯34度21分27.75秒東経134度50分19.26秒;山系: 千山山地（津名山地）;所在地: 兵庫県洲本市上内膳2132;山号: 先山;宗派: 高野山真言宗;寺格: 別格本山;本尊: 千手観音;創建年: （伝）901年（延喜元年）;開基: （伝）寂忍（藤原豊広　別名：狩人の忠太）;中興年: 昭和13年（1938年）;中興: 和田性海;札所等: 淡路島十三仏霊場　第一番;文化財: 梵鐘（国の重要文化財）;位置: 北緯34度21分23.4秒東経134度50分19.5秒;主祭神: 天照大神;標高: 448 m;所在地: 兵庫県洲本市;位置: 北緯34度21分27.75秒東経134度50分19.26秒;山系: 千山山地（津名山地）;所在地: 兵庫県洲本市上内膳2132;山号: 先山;宗派: 高野山真言宗;寺格: 別格本山;本尊: 千手観音;創建年: （伝）901年（延喜元年）;開基: （伝）寂忍（藤原豊広　別名：狩人の忠太）;中興年: 昭和13年（1938年）;中興: 和田性海;札所等: 淡路島十三仏霊場　第一番;文化財: 梵鐘（国の重要文化財）;位置: 北緯34度21分23.4秒東経134度50分19.5秒;主祭神: 天照大神;標高: 448 m;所在地: 兵庫県洲本市;位置: 北緯34度21分27.75秒東経134度50分19.26秒;山系: 千山山地（津名山地）;所在地: 兵庫県洲本市上内膳2132;山号: 先山;宗派: 高野山真言宗;寺格: 別格本山;本尊: 千手観音;創建年: （伝）901年（延喜元年）;開基: （伝）寂忍（藤原豊広　別名：狩人の忠太）;中興年: 昭和13年（1938年）;中興: 和田性海;札所等: 淡路島十三仏霊場　第一番;文化財: 梵鐘（国の重要文化財）;位置: 北緯34度21分23.4秒東経134度50分19.5秒;主祭神: 天照大神","日本百景","箇条書き"
"大山 (鳥取県)","大山（鳥取県）","https://ja.wikipedia.org/wiki/大山_(鳥取県)","北緯35度22分16秒東経133度32分24秒","標高: 1,729 m;所在地: 日本鳥取県大山町・琴浦町・江府町など;位置: 北緯35度22分16秒東経133度32分24秒﻿ / ﻿北緯35.37111度 東経133.54000度﻿ / 35.37111; 133.54000座標: 北緯35度22分16秒東経133度32分24秒﻿ / ﻿北緯35.37111度 東経133.54000度﻿ / 35.37111; 133.54000;山系: 独立峰（大山山系）;種類: 成層火山・溶岩ドーム;最新噴火: 約2万800年前;降水量mm （inch）: 219.7(8.65);降雪量cm （inch）: 288(113.4)","日本百景","箇条書き"
"千光寺 (尾道市)","千光寺山（広島県）","https://ja.wikipedia.org/wiki/千光寺_(尾道市)","北緯34度24分39.33秒東経133度11分55.62秒","所在地: 広島県尾道市東土堂町15-1;位置: 北緯34度24分39.33秒東経133度11分55.62秒座標: 北緯34度24分39.33秒 東経133度11分55.62秒;山号: 大宝山（大寶山、大寳山）（たいほうざん）;院号: 権現院（權現院）;宗旨: 真言宗系単立;本尊: 千手観音（秘仏）;創建年: （伝）大同元年（806年）;開基: 不詳;正式名: 大宝山権現院千光寺大寶山權現院千光寺;札所等: 中国33観音10番山陽花の寺20番;法人番号: 7240005010906","日本百景","箇条書き"
"石鎚山","石槌山（愛媛県）","https://ja.wikipedia.org/wiki/石鎚山","北緯33度46分03秒東経133度06分54秒","標高: 1,982 m;所在地: 日本愛媛県西条市・久万高原町;位置: 北緯33度46分03秒東経133度06分54秒座標: 北緯33度46分03秒 東経133度06分54秒;山系: 四国山地;初登頂: 850年（嘉祥3年）（灼然、寂仙）;開催地:  日本愛媛県;開催時期: 9月;種類: ヒルクライムレース;距離: 計測区間全長18.4km、計測区間合計の標高差1100m;創立: 2011年;公式サイト: https://cycle-shikoku.jp/ishizuchi-hillclimb/;標高: 1,982 m;所在地: 日本愛媛県西条市・久万高原町;位置: 北緯33度46分03秒東経133度06分54秒座標: 北緯33度46分03秒 東経133度06分54秒;山系: 四国山地;初登頂: 850年（嘉祥3年）（灼然、寂仙）;開催地:  日本愛媛県;開催時期: 9月;種類: ヒルクライムレース;距離: 計測区間全長18.4km、計測区間合計の標高差1100m;創立: 2011年;公式サイト: https://cycle-shikoku.jp/ishizuchi-hillclimb/","日本百景","箇条書き"
"英彦山","英彦山（福岡県・大分県）","https://ja.wikipedia.org/wiki/英彦山","北緯33度28分34秒東経130度55分34秒","標高: 1,199[1]m;所在地: 日本大分県中津市福岡県田川郡添田町;位置: 北緯33度28分34秒東経130度55分34秒座標: 北緯33度28分34秒 東経130度55分34秒;山系: 筑紫山地","日本百景","箇条書き"
"霧島山","霧島山（宮崎県・鹿児島県）","https://ja.wikipedia.org/wiki/霧島山","北緯31度56分03秒東経130度51分42秒","所在地: 日本宮崎県・鹿児島県;位置: 北緯31度56分03秒東経130度51分42秒座標: 北緯31度56分03秒 東経130度51分42秒;最高峰: 韓国岳（1,700m）;種類: 成層火山(活火山ランクB)","日本百景","箇条書き"
"阿賀野川","阿賀川（新潟県）","https://ja.wikipedia.org/wiki/阿賀野川","","水系: 一級水系阿賀野川;種別: 一級河川;延長: 210 km;平均流量: 451 m³/s（馬下観測所 1951年 - 2002年）;流域面積: 7,710 km²;水源: 荒海山（福島県）;水源の標高: 1,581 m;河口・合流先: 日本海（新潟県）;流域: 日本新潟県・福島県・群馬県","日本百景","箇条書き"
"富士川","富士川（静岡県）","https://ja.wikipedia.org/wiki/富士川","","水系: 一級水系富士川;種別: 一級河川;延長: 128 km;平均流量: 63.2 m³/s（清水端観測所 2000年）;流域面積: 3,990 km²;水源: 鋸岳（山梨県）;水源の標高: 2,685 m;河口・合流先: 駿河湾（静岡県）;流域: 日本長野県・山梨県・静岡県","日本百景","箇条書き"
"桂川 (淀川水系)","保津川（京都府）","https://ja.wikipedia.org/wiki/桂川_(淀川水系)","","水系: 一級水系淀川;種別: 一級河川;延長: 107 km;平均流量: -- m³/s;流域面積: 1,159 km²;水源: 佐々里峠（京都府）;水源の標高: -- m;河口・合流先: 淀川（京都府）;流域: 京都府","日本百景","箇条書き"
"淀川","宇治川（京都府）","https://ja.wikipedia.org/wiki/淀川","","水系: 一級水系淀川;種別: 一級河川;延長: 75.1 km;平均流量: 163 m³/s（枚方観測所1952年～2002年）;流域面積: 8,240 km²;水源: 琵琶湖（滋賀県）;水源の標高: -- m;河口・合流先: 瀬戸内海(大阪湾);流域: 日本滋賀県・京都府・大阪府・兵庫県・奈良県・三重県","日本百景","箇条書き"
"古座川","古座川（和歌山県）","https://ja.wikipedia.org/wiki/古座川","","水系: 二級水系古座川;種別: 二級河川;延長: 40 km;平均流量: -- m³/s;流域面積: 356 km²;水源: 大塔山（和歌山県）;水源の標高: 1,122 m;河口・合流先: 熊野灘（和歌山県）;流域: 日本和歌山県","日本百景","箇条書き"
"江の川","江川（島根県）","https://ja.wikipedia.org/wiki/江の川","","水系: 一級水系江の川;種別: 一級河川;延長: 194 km;流域面積: 3,900 km²;水源: 阿佐山（広島県）;水源の標高: 1,218 m;河口・合流先: 島根県江津市;流域: 日本広島県・島根県","日本百景","箇条書き"
"嘉瀬川","川上川（佐賀県）","https://ja.wikipedia.org/wiki/嘉瀬川","","水系: 一級水系嘉瀬川;種別: 一級河川;延長: 57 km;平均流量: 9.74 m³/s（川上観測所 2000年（平成12年））;流域面積: 368 km²;水源: 金山（佐賀県）;水源の標高: 912 m;河口・合流先: 有明海（佐賀県）;流域: 日本佐賀県","日本百景","箇条書き"
"層雲峡温泉","層雲峡（北海道）","https://ja.wikipedia.org/wiki/層雲峡温泉","北緯43度43分43秒東経142度56分45秒","所在地: 北海道上川郡上川町層雲峡;座標: 北緯43度43分43秒東経142度56分45秒﻿ / ﻿北緯43.72861度 東経142.94583度﻿ / 43.72861; 142.94583座標: 北緯43度43分43秒東経142度56分45秒﻿ / ﻿北緯43.72861度 東経142.94583度﻿ / 43.72861; 142.94583;交通: JR北海道石北本線上川駅よりバスで約30分;泉質: 単純温泉・硫黄泉;液性の分類: 中性;浸透圧の分類: 低張性;宿泊施設数: 17;外部リンク: 層雲峡観光協会","日本百景","箇条書き"
"猊鼻渓","猊鼻渓（岩手県）","https://ja.wikipedia.org/wiki/猊鼻渓","","","日本百景","箇条書き"
"長瀞渓谷","長瀞（埼玉県）","https://ja.wikipedia.org/wiki/長瀞渓谷","","","日本百景","箇条書き"
"奥多摩","奥多摩渓谷（東京都）","https://ja.wikipedia.org/wiki/奥多摩","北緯35度44分19秒東経139度0分51秒","所在地: 東京都・埼玉県・山梨県・神奈川県;位置: 北緯35度44分19秒東経139度0分51秒﻿ / ﻿北緯35.73861度 東経139.01417度﻿ / 35.73861; 139.01417座標: 北緯35度44分19秒東経139度0分51秒﻿ / ﻿北緯35.73861度 東経139.01417度﻿ / 35.73861; 139.01417;上位山系: 秩父山地;最高峰: 雲取山（2,017.1m）","日本百景","箇条書き"
"奥裾花渓谷","奥裾花渓谷（長野県）","https://ja.wikipedia.org/wiki/奥裾花渓谷","","","日本百景","箇条書き"
"恵那峡","恵那峡（岐阜県）","https://ja.wikipedia.org/wiki/恵那峡","","","日本百景","箇条書き"
"帝釈峡","帝釈峡（広島県）","https://ja.wikipedia.org/wiki/帝釈峡","","","日本百景","箇条書き"
"三段峡","三段峡（広島県）","https://ja.wikipedia.org/wiki/三段峡","","","日本百景","箇条書き"
"長門峡","長門峡（山口県）","https://ja.wikipedia.org/wiki/長門峡","","","日本百景","箇条書き"
"祖谷渓","祖谷渓（徳島県）","https://ja.wikipedia.org/wiki/祖谷渓","","","日本百景","箇条書き"
"大歩危","大歩危小歩危（徳島県）","https://ja.wikipedia.org/wiki/大歩危","","","日本百景","箇条書き"
"寒霞渓","寒霞渓（香川県）","https://ja.wikipedia.org/wiki/寒霞渓","","","日本百景","箇条書き"
"面河渓","面河渓（愛媛県）","https://ja.wikipedia.org/wiki/面河渓","","","日本百景","箇条書き"
"耶馬渓","耶馬渓（大分県）","https://ja.wikipedia.org/wiki/耶馬渓","","","日本百景","箇条書き"
"高千穂峡","神都高千穂峡（宮崎県）","https://ja.wikipedia.org/wiki/高千穂峡","北緯32度42分3秒東経131度18分2秒","所在地: 宮崎県高千穂町;位置: 北緯32度42分3秒東経131度18分2秒;落差: 17 m;水系: 五ヶ瀬川","日本百景","箇条書き"
"田立の滝","木曽田立滝（長野県）","https://ja.wikipedia.org/wiki/田立の滝","北緯35度37分45.23秒東経137度32分48.92秒","所在地: 長野県木曽郡南木曽町;位置: 北緯35度37分45.23秒東経137度32分48.92秒;落差: 天河滝40 m;水系: 木曽川水系坪川","日本百景","箇条書き"
"白糸の滝 (静岡県)","富士白糸滝（静岡県）","https://ja.wikipedia.org/wiki/白糸の滝_(静岡県)","北緯35度18分47秒東経138度35分14秒","所在地: 日本静岡県富士宮市上井出;位置: 北緯35度18分47秒東経138度35分14秒﻿ / ﻿北緯35.312939度 東経138.587343度﻿ / 35.312939; 138.587343座標: 北緯35度18分47秒東経138度35分14秒﻿ / ﻿北緯35.312939度 東経138.587343度﻿ / 35.312939; 138.587343;落差: 20 m;滝幅: 200 m;水系: 富士川水系芝川","日本百景","箇条書き"
"赤目四十八滝","赤目四十八滝（三重県）","https://ja.wikipedia.org/wiki/赤目四十八滝","北緯34度33分33秒東経136度5分30秒","所在地: 三重県名張市赤目町;位置: 北緯34度33分33秒東経136度5分30秒﻿ / ﻿北緯34.55917度 東経136.09167度﻿ / 34.55917; 136.09167座標: 北緯34度33分33秒東経136度5分30秒﻿ / ﻿北緯34.55917度 東経136.09167度﻿ / 34.55917; 136.09167;落差: 荷担滝8 m;水系: 淀川水系滝川","日本百景","箇条書き"
"箕面滝","箕面滝（大阪府）","https://ja.wikipedia.org/wiki/箕面滝","北緯34度51分 東経135度","所在地: 大阪府箕面市;位置: 北緯34度51分 東経135度28分;落差: 33 m;滝幅: 5 m;水系: 淀川水系箕面川","日本百景","箇条書き"
"神庭の滝","神庭滝（岡山県）","https://ja.wikipedia.org/wiki/神庭の滝","北緯35度7分7.0秒東経133度40分43.6秒","所在地: 岡山県真庭市;位置: 北緯35度7分7.0秒東経133度40分43.6秒﻿ / ﻿北緯35.118611度 東経133.678778度﻿ / 35.118611; 133.678778座標: 北緯35度7分7.0秒東経133度40分43.6秒﻿ / ﻿北緯35.118611度 東経133.678778度﻿ / 35.118611; 133.678778;落差: 110 m;滝幅: 20 m;水系: 旭川水系神庭川","日本百景","箇条書き"
"轟九十九滝","王余魚の滝（轟の滝）（徳島県）","https://ja.wikipedia.org/wiki/轟九十九滝","北緯33度41分52.1秒東経134度15分15.49秒","所在地: 徳島県海陽町平井王余魚谷;位置: 北緯33度41分52.1秒東経134度15分15.49秒座標: 北緯33度41分52.1秒 東経134度15分15.49秒;落差: (本滝)58 m;滝幅: (本滝)5 m;水系: 海部川水系 王余魚谷川","日本百景","箇条書き"
"魚住の滝","魚住滝（大分県）","https://ja.wikipedia.org/wiki/魚住の滝","北緯32度57分26.6秒東経131度23分28.7秒","所在地: 大分県竹田市;位置: 北緯32度57分26.6秒東経131度23分28.7秒;落差: 5 m;滝幅: 15 m;水系: 一級河川大野川","日本百景","箇条書き"
"登別温泉","登別温泉（北海道）","https://ja.wikipedia.org/wiki/登別温泉","北緯42度29分42.2秒東経141度8分38.6秒","所在地: 北海道登別市;座標: 北緯42度29分42.2秒東経141度8分38.6秒﻿ / ﻿北緯42.495056度 東経141.144056度﻿ / 42.495056; 141.144056座標: 北緯42度29分42.2秒東経141度8分38.6秒﻿ / ﻿北緯42.495056度 東経141.144056度﻿ / 42.495056; 141.144056;交通: 道南バス登別温泉ターミナル道央自動車道登別東IC北海道旅客鉄道（JR北海道）登別駅;泉質: 硫黄泉・食塩泉（塩化物泉）・明礬泉・芒硝泉（硫酸塩泉）・緑礬泉（含アルミニウム泉）・鉄泉（含鉄泉）・酸性泉・重曹泉・ラジウム泉（放射能泉）;泉温（摂氏）: 45度〜90度;湧出量: 1万トン/日;宿泊施設数: 14;外部リンク: 登別国際観光コンベンション協会","日本百景","箇条書き"
"花巻温泉","花巻温泉（岩手県）","https://ja.wikipedia.org/wiki/花巻温泉","北緯39度27分56秒東経140度58分59秒","所在地: 岩手県花巻市湯本１－１２５;座標: 北緯39度27分56秒東経140度58分59秒﻿ / ﻿北緯39.4655762度 東経140.982994度﻿ / 39.4655762; 140.982994﻿ (花巻温泉)座標: 北緯39度27分56秒東経140度58分59秒﻿ / ﻿北緯39.4655762度 東経140.982994度﻿ / 39.4655762; 140.982994﻿ (花巻温泉)花巻温泉花巻温泉 (岩手県);交通: 車 : 東北自動車道花巻ICより約5分バス : 東北本線花巻駅4番のりばより岩手県交通｢花巻温泉線｣、5番のりばより｢教育センター線｣に乗車し、｢花巻温泉｣下車。;泉質: 低張性弱アルカリ性高温泉;泉温（摂氏）: 58.7℃[1];湧出量: 251リットル／min（混合泉における流量計の読み）[1];pH: 7.8[1];宿泊施設数: 4（佳松園、ホテル千秋閣、ホテル花巻、ホテル紅葉館）;総収容人員数: 1,728名 人/日;外部リンク: 花巻温泉","日本百景","箇条書き"
"青根温泉","青根温泉（宮城県）","https://ja.wikipedia.org/wiki/青根温泉","北緯38度8分43秒東経140度32分06秒","所在地: 宮城県柴田郡川崎町;座標: 北緯38度8分43秒東経140度32分06秒﻿ / ﻿北緯38.14528度 東経140.53500度﻿ / 38.14528; 140.53500座標: 北緯38度8分43秒東経140度32分06秒﻿ / ﻿北緯38.14528度 東経140.53500度﻿ / 38.14528; 140.53500;交通: 鉄道：東北新幹線白石蔵王駅よりタクシーで約40分車：山形自動車道宮城川崎ICより国道457号;泉質: 硫酸塩泉;宿泊施設数: 6","日本百景","箇条書き"
"東山温泉","東山温泉（福島県）","https://ja.wikipedia.org/wiki/東山温泉","","所在地: 福島県会津若松市;交通: 会津若松駅よりバスで約15分;泉質: 硫酸塩泉;泉温（摂氏）: 45 - 58 °C;宿泊施設数: 23;外部リンク: 東山温泉観光協会","日本百景","箇条書き"
"伊東温泉","伊東温泉（静岡県）","https://ja.wikipedia.org/wiki/伊東温泉","北緯34度59分25秒東経139度05分02秒","所在地: 静岡県伊東市;座標: 北緯34度59分25秒東経139度05分02秒﻿ / ﻿北緯34.9904008度 東経139.0840252度﻿ / 34.9904008; 139.0840252﻿ (伊東温泉)座標: 北緯34度59分25秒東経139度05分02秒﻿ / ﻿北緯34.9904008度 東経139.0840252度﻿ / 34.9904008; 139.0840252﻿ (伊東温泉);交通: 鉄道：JR東日本伊東線・伊豆急行伊豆急行線伊東駅そば。;泉質: 単純温泉、塩化物泉など;湧出量: 毎分34,000リットル（平均）;外部リンク: 伊東市・伊東観光協会;松原7号泉: 45.4℃;松原14号泉: 40.7℃;松原25号泉: 26.3℃;松原156号泉: 37.5℃;松原170号泉: 35.0℃;岡84号泉: 51.6℃;岡156号泉: 54.1℃;岡158号泉: 57.5℃;岡159号泉: 52.7℃;岡160号泉: 53.8℃;岡165号泉: 39.0℃;岡172号泉: ℃;岡188号泉（現在廃止）: 53.5℃;岡189号泉: 50.6℃;岡221号泉: 55.6℃;岡230号泉: 50.7℃;岡246号泉: 57.5℃;岡247号泉: 50.47℃;岡248号泉: 52.6℃;岡249号泉: 50.7℃;岡254号泉: 47.4℃;岡255号泉: 53.3℃;岡260号泉: 52.4℃;岡276号泉: 55.1℃;岡284号泉: 52.7℃;鎌田8号泉: 49.9℃;鎌田19号泉: 48.0℃;湯川1号泉: 27.5℃;湯川33号泉: 41.9℃;湯川55号泉: 65.0℃;湯川62号泉: 33.8℃;湯川68号泉: 37.7℃;対馬24号泉（三の原１号温泉）: 71.1℃;対馬28号泉: 40.7℃;対馬30号泉: 55.1℃;対馬36号泉（伊豆高原1号）: 46.5℃;小室13号泉（三の原2号温泉）: 67.9℃","日本百景","箇条書き"
"山中温泉","山中温泉（石川県）","https://ja.wikipedia.org/wiki/山中温泉","","所在地: 石川県加賀市;交通: 空路 - 小松空港鉄道 - JR西日本北陸本線：加賀温泉駅車 - 北陸自動車道：加賀IC;泉質: 硫酸塩泉（ナトリウム・カルシウム）;泉温（摂氏）: 48.3 °C;湧出量: 773 リットル/分;pH: 8.57;液性の分類: 弱アルカリ性;浸透圧の分類: 低張性;宿泊施設数: 26（旅館20・ホテル1・その他5）;総収容人員数: 5,713 人/日;年間浴客数: 51.4万;統計年: 2005年（平成17年）;外部リンク: 山中温泉公式サイト","日本百景","箇条書き"
"和倉温泉","和倉温泉（石川県）","https://ja.wikipedia.org/wiki/和倉温泉","北緯37度5分12秒東経136度55分6秒","所在地: 石川県七尾市和倉町和倉温泉石川県の地図を表示和倉温泉日本の地図を表示;座標: 北緯37度5分12秒東経136度55分6秒﻿ / ﻿北緯37.08667度 東経136.91833度﻿ / 37.08667; 136.91833座標: 北緯37度5分12秒東経136度55分6秒﻿ / ﻿北緯37.08667度 東経136.91833度﻿ / 37.08667; 136.91833;交通: 鉄道： JR西日本和倉温泉駅バス： 北鉄能登バス・能登島交通「和倉温泉BT」、加越能バスわくライナー「和倉温泉観光会館」車： 能越自動車道和倉IC;泉質: 塩化物泉（ナトリウム・カルシウム）;泉温（摂氏）: 89.1 °C;湧出量: 約2,618 t/日（約1,600 L/分）;pH: 7.66;液性の分類: 弱アルカリ性;浸透圧の分類: 高張性;宿泊施設数: 43（旅館34・ホテル3・民宿6）;総収容人員数: 9,171 人/日;年間浴客数: 102.2万;統計年: 2005年（平成17年）;外部リンク: 和倉温泉～わくらづくし～（和倉温泉観光協会HP）","日本百景","箇条書き"
"片山津温泉","片山津温泉（石川県）","https://ja.wikipedia.org/wiki/片山津温泉","北緯36度20分43秒東経136度22分4秒","所在地: 石川県加賀市;座標: 北緯36度20分43秒東経136度22分4秒﻿ / ﻿北緯36.34528度 東経136.36778度﻿ / 36.34528; 136.36778座標: 北緯36度20分43秒東経136度22分4秒﻿ / ﻿北緯36.34528度 東経136.36778度﻿ / 36.34528; 136.36778;交通: 空路 - 小松空港鉄道 - JR西日本北陸本線：加賀温泉駅車 - 北陸自動車道：片山津IC;泉質: 塩化物泉（ナトリウム・カルシウム）;泉温（摂氏）: 72.5 °C;湧出量: 400 リットル/分;pH: 7.3;液性の分類: 中性;浸透圧の分類: 高張性;宿泊施設数: 13（旅館）;総収容人員数: 4,734 人/日;年間浴客数: 39.5万;統計年: 2005年;外部リンク: 片山津温泉観光協会","日本百景","箇条書き"
"芦原温泉","芦原温泉（福井県）","https://ja.wikipedia.org/wiki/芦原温泉","北緯36度13分30秒東経136度11分40秒","所在地: 福井県あわら市芦原温泉福井駅福井県地図;座標: 北緯36度13分30秒東経136度11分40秒﻿ / ﻿北緯36.22500度 東経136.19444度﻿ / 36.22500; 136.19444座標: 北緯36度13分30秒東経136度11分40秒﻿ / ﻿北緯36.22500度 東経136.19444度﻿ / 36.22500; 136.19444;交通: 鉄道：えちぜん鉄道三国芦原線あわら湯のまち駅JR北陸本線:芦原温泉駅からタクシー10分飛行機：小松空港からタクシーで45分車：北陸自動車道:丸岡ICから20分、金津ICから15分;泉質: 塩化物泉;泉温（摂氏）: 33.5 - 77.5 °C;外部リンク: あわら市観光協会芦原温泉旅館協同組合","日本百景","箇条書き"
"三朝温泉","三朝温泉（鳥取県）","https://ja.wikipedia.org/wiki/三朝温泉","","所在地: 鳥取県東伯郡三朝町;交通: 鉄道：JR山陰本線倉吉駅より、日ノ丸バスで20 - 25分飛行機：鳥取空港より、空港リムジンバス（日ノ丸バス）で約1時間;泉質: 塩化物泉、単純温泉、放射能泉;宿泊施設数: 24[1];年間浴客数: 356,591[2];統計年: 2017年;外部リンク: 三朝温泉観光協会/三朝温泉旅館協同組合","日本百景","箇条書き"
"嬉野温泉","嬉野温泉（佐賀県）","https://ja.wikipedia.org/wiki/嬉野温泉","","所在地: 佐賀県嬉野市嬉野町;交通: 鉄道 : 佐世保線武雄温泉駅よりJR九州バスで約30分他のアクセス方法は、下のアクセスを参照のこと;泉質: 塩化物泉;pH: 7.8;外部リンク: 嬉野温泉観光協会嬉野温泉旅館組合","日本百景","箇条書き"
"八ヶ岳","八ヶ岳平原（山梨県）","https://ja.wikipedia.org/wiki/八ヶ岳","北緯35度58分15秒東経138度22分12秒","所在地: 日本山梨県・長野県;位置: 北緯35度58分15秒東経138度22分12秒﻿ / ﻿北緯35.97083度 東経138.37000度﻿ / 35.97083; 138.37000座標: 北緯35度58分15秒東経138度22分12秒﻿ / ﻿北緯35.97083度 東経138.37000度﻿ / 35.97083; 138.37000;最高峰: 赤岳（2,899m）;延長: 30km;種類: 火山群","日本百景","箇条書き"
"姨捨山","姥捨（長野県）","https://ja.wikipedia.org/wiki/姨捨山","北緯36度28分07秒東経138度06分24秒","標高: 1,252 m;所在地: 日本長野県千曲市・東筑摩郡筑北村;位置: 北緯36度28分07秒東経138度06分24秒座標: 北緯36度28分07秒 東経138度06分24秒;山系: 筑北三山","日本百景","箇条書き"
"日本平","日本平（静岡県）","https://ja.wikipedia.org/wiki/日本平","北緯34度58分25.582秒東経138度27分56.664秒","標高: 307 m;所在地: 日本静岡県静岡市駿河区・清水区;位置: 北緯34度58分25.582秒東経138度27分56.664秒座標: 北緯34度58分25.582秒 東経138度27分56.664秒","日本百景","箇条書き"
"富士山 (代表的なトピック)","富士駿州裾野（静岡県）","https://ja.wikipedia.org/wiki/富士山_(代表的なトピック)","北緯35度21分45秒東経138度43分50秒","標高: 3,776.12[注釈 1][1][2]m;所在地: 日本静岡県富士宮市裾野市富士市御殿場市駿東郡小山町山梨県富士吉田市南都留郡鳴沢村;位置: 北緯35度21分45秒東経138度43分50秒﻿ / ﻿北緯35.3625度 東経138.7306度﻿ / 35.3625; 138.7306[2]座標: 北緯35度21分45秒東経138度43分50秒﻿ / ﻿北緯35.3625度 東経138.7306度﻿ / 35.3625; 138.7306[2];山系: 独立峰;種類: 成層火山・活火山ランクB[3]・常時観測火山;初登頂: 663年（役小角）;富士山―信仰の対象と芸術の源泉（日本）:;英名: Fujisan, sacred place and source of artistic inspiration;仏名: Fujisan, lieu sacre et source d'inspiration artistique;面積: 20,702 ha（緩衝地域 49,628 ha）;登録区分: 文化遺産;登録基準: (3), (6);登録年: 2013年;公式サイト: 世界遺産センター（英語）;最高気温記録 °C（°F）: −1.7(28.9);平均最高気温 °C（°F）: −15.4(4.3);日平均気温 °C（°F）: −18.4(−1.1);平均最低気温 °C（°F）: −21.7(−7.1);最低気温記録 °C（°F）: −37.3(−35.1);平均気温の推移[注釈 9]: 平均気温の推移[注釈 9]@media all and (max-width:720px){body.skin-minerva .mw-parser-output div.mw-graph{min-width:auto!important;max-width:100%;overflow-x:auto;overflow-y:visible}}.mw-parser-output .mw-graph-img{width:inherit;height:inherit}最高気温・最低気温・湿度の推移平均最高気温[注釈 10]最高気温（最高値）[注釈 11]最高気温（最低値）[注釈 12]平均最低気温[注釈 13]最低気温（最低値）[注釈 14]最低気温（最高値）[注釈 15]各階級の日数[注釈 16]平均湿度の推移[注釈 17];南東麓: 柿田川（日本三大清流）、小浜池;南麓: 吉原湧泉群;西麓: 湧玉池（特別天然記念物）、白糸の滝（国指定の名勝及び天然記念物）、猪之頭湧泉群;北麓: 忍野八海（国指定の天然記念物）;標高: 3,776.12[注釈 1][1][2]m;所在地: 日本静岡県富士宮市裾野市富士市御殿場市駿東郡小山町山梨県富士吉田市南都留郡鳴沢村;位置: 北緯35度21分45秒東経138度43分50秒﻿ / ﻿北緯35.3625度 東経138.7306度﻿ / 35.3625; 138.7306[2]座標: 北緯35度21分45秒東経138度43分50秒﻿ / ﻿北緯35.3625度 東経138.7306度﻿ / 35.3625; 138.7306[2];山系: 独立峰;種類: 成層火山・活火山ランクB[3]・常時観測火山;初登頂: 663年（役小角）;富士山―信仰の対象と芸術の源泉（日本）:;英名: Fujisan, sacred place and source of artistic inspiration;仏名: Fujisan, lieu sacre et source d'inspiration artistique;面積: 20,702 ha（緩衝地域 49,628 ha）;登録区分: 文化遺産;登録基準: (3), (6);登録年: 2013年;公式サイト: 世界遺産センター（英語）;最高気温記録 °C（°F）: −1.7(28.9);平均最高気温 °C（°F）: −15.4(4.3);日平均気温 °C（°F）: −18.4(−1.1);平均最低気温 °C（°F）: −21.7(−7.1);最低気温記録 °C（°F）: −37.3(−35.1);平均気温の推移[注釈 9]: 平均気温の推移[注釈 9]@media all and (max-width:720px){body.skin-minerva .mw-parser-output div.mw-graph{min-width:auto!important;max-width:100%;overflow-x:auto;overflow-y:visible}}.mw-parser-output .mw-graph-img{width:inherit;height:inherit}最高気温・最低気温・湿度の推移平均最高気温[注釈 10]最高気温（最高値）[注釈 11]最高気温（最低値）[注釈 12]平均最低気温[注釈 13]最低気温（最低値）[注釈 14]最低気温（最高値）[注釈 15]各階級の日数[注釈 16]平均湿度の推移[注釈 17];南東麓: 柿田川（日本三大清流）、小浜池;南麓: 吉原湧泉群;西麓: 湧玉池（特別天然記念物）、白糸の滝（国指定の名勝及び天然記念物）、猪之頭湧泉群;北麓: 忍野八海（国指定の天然記念物）","日本百景","箇条書き"
"兎和野高原 (存在しないページ)","兎和野原（兵庫県）","https://ja.wikipedia.org/w/index.php?title=兎和野高原&amp;action=edit&amp;redlink=1","","","日本百景","箇条書き"
"秋吉台","秋吉台（山口県）","https://ja.wikipedia.org/wiki/秋吉台","","","日本百景","箇条書き"
"久住高原","久住高原（大分県）","https://ja.wikipedia.org/wiki/久住高原","","","日本百景","箇条書き"
"飯田高原","飯田高原（大分県）","https://ja.wikipedia.org/wiki/飯田高原","","","日本百景","箇条書き"
